rider,equipe,ate_log,ate_orig,ci_low,ci_high,significant,r2_t,r2_y,mean_cate,std_cate,p25_cate,p75_cate,n_obs,n_selected
affini_edoardo,Visma | Lease a Bike,0.506212,0.659,0.1947,1.279,1,0.6167,0.3165,,,,,1234,309
battaglin_enrico,Visma | Lease a Bike,0.665149,0.9448,-0.1227,2.9281,0,0.5674,0.0045,,,,,247,72
behrens_niklas,Visma | Lease a Bike,-0.047621,-0.0465,-0.5635,1.1351,0,0.4894,0.2041,,,,,244,45
belletta_dario_igor,Visma | Lease a Bike,-1.31913,-0.7326,-0.8694,-0.3075,1,0.0914,0.2098,,,,,229,9
bennett_george,Visma | Lease a Bike,0.142594,0.1533,-0.2595,0.8285,0,0.6644,0.2045,,,,,853,264
benoot_tiesj,Visma | Lease a Bike,0.100826,0.1061,-0.3359,1.0998,0,0.751,0.3298,,,,,944,208
boom_lars,Visma | Lease a Bike,-0.495322,-0.3906,-0.674,0.2406,0,0.4649,0.0012,,,,,247,66
bouwman_koen,Visma | Lease a Bike,-0.421076,-0.3437,-0.4902,-0.1632,1,0.5309,0.3115,,,,,1539,409
boven_lars,Visma | Lease a Bike,-0.203021,-0.1837,-0.5869,0.3572,0,0.078,0.3204,,,,,593,34
brennan_matthew,Visma | Lease a Bike,0.170934,0.1864,-0.3204,1.2018,0,0.4875,0.2722,,,,,473,55
campenaerts_victor,Visma | Lease a Bike,0.816716,1.2631,0.0881,4.1766,1,0.6483,0.1577,,,,,248,64
clement_stef,Visma | Lease a Bike,0.718953,1.0523,-0.2012,6.1652,0,0.2203,-0.0344,,,,,247,21
de_plus_laurens,Visma | Lease a Bike,0.280377,0.3236,-0.4259,2.1785,0,0.5746,0.1422,,,,,380,59
de_tier_floris,Visma | Lease a Bike,-0.023421,-0.0231,-0.4554,0.8634,0,0.5123,0.1288,,,,,492,121
dekker_david,Visma | Lease a Bike,0.094889,0.0995,-0.339,0.9309,0,0.491,0.2481,,,,,427,73
dennis_rohan,Visma | Lease a Bike,-0.720541,-0.5135,-0.7623,0.2739,0,0.7077,0.2649,,,,,466,99
dumoulin_tom,Visma | Lease a Bike,0.454468,0.5753,-0.2565,1.8058,0,0.5286,0.1436,,,,,572,85
eenkhoorn_pascal,Visma | Lease a Bike,-0.077538,-0.0746,-0.41,0.268,0,0.5324,0.2159,,,,,1083,248
fisher-black_finn,Visma | Lease a Bike,-0.487915,-0.3861,-0.772,0.3047,0,0.4207,0.1508,,,,,347,26
foss_tobias,Visma | Lease a Bike,0.444821,0.5602,-0.0069,1.2898,0,0.5081,0.2922,,,,,820,151
geleijn_owen,Visma | Lease a Bike,-0.058821,-0.0571,-0.6541,0.9863,0,0.5461,0.3054,,,,,797,37
gesink_robert,Visma | Lease a Bike,-0.044871,-0.0439,-0.2523,0.2639,0,0.6408,0.3079,,,,,1518,372
gloag_thomas,Visma | Lease a Bike,-0.283001,-0.2465,-0.5117,0.1614,0,0.6497,0.3227,,,,,931,109
graat_tijmen,Visma | Lease a Bike,-0.0229,-0.0226,-0.4643,0.6229,0,0.5373,0.297,,,,,708,93
groenewegen_dylan,Visma | Lease a Bike,0.062818,0.0648,-0.2289,0.4865,0,0.5133,0.2537,,,,,836,185
hagenes_per_strand,Visma | Lease a Bike,0.571829,0.7715,0.21,1.6477,1,0.3386,0.3347,,,,,931,98
harper_chris,Visma | Lease a Bike,-0.191166,-0.174,-0.4941,0.2552,0,0.5632,0.1802,,,,,562,130
hessmann_michel,Visma | Lease a Bike,0.296842,0.3456,-0.2063,1.5036,0,0.5684,0.3457,,,,,821,92
hofstede_lennard,Visma | Lease a Bike,0.270614,0.3108,-0.0577,0.7986,0,0.4898,0.3096,,,,,1042,214
huising_menno,Visma | Lease a Bike,-0.045317,-0.0443,-0.4442,0.7673,0,0.2863,0.2816,,,,,481,73
jansen_amund_grøndahl,Visma | Lease a Bike,-0.206521,-0.1866,-0.4232,0.1534,0,0.54,0.231,,,,,630,177
jorgenson_matteo,Visma | Lease a Bike,0.078535,0.0817,-0.5935,2.2872,0,0.8688,0.2881,,,,,488,109
kelderman_wilco,Visma | Lease a Bike,-0.123421,-0.1161,-0.4187,0.4329,0,0.7569,0.3003,,,,,716,177
kooij_olav,Visma | Lease a Bike,0.128905,0.1376,-0.2146,0.7363,0,0.6001,0.3154,,,,,1296,264
kramer_jesse,Visma | Lease a Bike,0.338045,0.4022,-0.4869,3.2903,0,0.3683,0.2904,,,,,687,26
kruijswijk_steven,Visma | Lease a Bike,0.10813,0.1142,-0.1789,0.5688,0,0.6326,0.3339,,,,,1771,410
kuss_sepp,Visma | Lease a Bike,0.030303,0.0308,-0.231,0.2762,0,0.6207,0.3233,,,,,1772,527
laporte_christophe,Visma | Lease a Bike,0.589982,0.804,0.1757,1.954,1,0.6146,0.2863,,,,,952,171
leemreize_gijs,Visma | Lease a Bike,-0.299618,-0.2589,-0.5331,0.3322,0,0.5915,0.2976,,,,,797,146
leezer_tom,Visma | Lease a Bike,-0.220762,-0.1981,-0.5061,0.2726,0,0.5548,0.1826,,,,,632,143
lemmen_bart,Visma | Lease a Bike,-0.284572,-0.2477,-0.5899,0.2647,0,0.6937,0.2599,,,,,481,128
lindeman_bert-jan,Visma | Lease a Bike,-0.379887,-0.3161,-0.5958,0.0449,0,0.4809,0.202,,,,,633,180
maas_jan,Visma | Lease a Bike,-1.56568,-0.7911,-0.9407,0.2682,0,0.4999,0.0206,,,,,247,12
martens_paul,Visma | Lease a Bike,0.63597,0.8889,0.1783,2.1004,1,0.6665,0.2055,,,,,867,204
martin_tony,Visma | Lease a Bike,-0.247995,-0.2196,-0.6081,0.4995,0,0.6577,0.2166,,,,,622,154
mattio_pietro,Visma | Lease a Bike,0.456971,0.5793,-0.3812,3.3931,0,0.4358,0.2592,,,,,473,21
mclay_daniel,Visma | Lease a Bike,0.113601,0.1203,-0.5652,1.6563,0,0.4677,0.2933,,,,,244,47
nordhagen_jørgen,Visma | Lease a Bike,0.27553,0.3172,-0.3969,1.6892,0,0.4008,0.2667,,,,,473,43
nørtoft_morten_aalling,Visma | Lease a Bike,0.070504,0.073,-0.635,2.0973,0,0.0851,0.2535,,,,,464,14
olivier_daan,Visma | Lease a Bike,0.108681,0.1148,-0.3333,0.9172,0,0.4259,0.1541,,,,,492,45
oomen_sam,Visma | Lease a Bike,0.153995,0.1665,-0.3028,0.7743,0,0.6884,0.2979,,,,,662,182
pfingsten_christoph,Visma | Lease a Bike,-0.603781,-0.4533,-0.6456,-0.0433,1,0.534,0.1736,,,,,339,85
pluimers_rick,Visma | Lease a Bike,-0.289795,-0.2516,-0.7607,0.8155,0,0.5989,0.1545,,,,,427,31
powless_neilson,Visma | Lease a Bike,0.39776,0.4885,-0.0511,1.1516,0,0.5654,0.1814,,,,,510,117
rex_tim,Visma | Lease a Bike,0.432847,0.5416,-0.5438,4.2879,0,0.4339,0.2518,,,,,244,12
roglič_primož,Visma | Lease a Bike,0.575668,0.7783,0.2344,1.64,1,0.6531,0.3142,,,,,1335,344
roosen_timo,Visma | Lease a Bike,-0.253848,-0.2242,-0.4084,0.0176,0,0.3806,0.2874,,,,,1296,310
ryan_archie,Visma | Lease a Bike,-1.885535,-0.8483,-0.9899,-0.5724,1,0.3509,0.2879,,,,,458,5
simmons_colby,Visma | Lease a Bike,-0.115648,-0.1092,-0.6515,1.2955,0,0.4488,0.258,,,,,477,23
smith_william,Visma | Lease a Bike,-0.111648,-0.1056,-0.9484,4.1026,0,0.523,0.1503,,,,,244,11
smithson_jed,Visma | Lease a Bike,0.85478,1.3509,-0.3615,6.9756,0,0.1525,0.2781,,,,,473,11
staune-mittet_johannes,Visma | Lease a Bike,-0.772536,-0.5382,-0.72,-0.2966,1,0.5145,0.3001,,,,,692,90
tankink_bram,Visma | Lease a Bike,1.030657,1.8029,0.7143,3.678,1,0.3369,0.0039,,,,,247,42
teunissen_mike,Visma | Lease a Bike,-0.206015,-0.1862,-0.4776,0.1797,0,0.6058,0.2318,,,,,819,205
tolhoek_antwan,Visma | Lease a Bike,-0.330525,-0.2815,-0.5246,-0.0108,1,0.5378,0.2302,,,,,843,187
tratnik_jan,Visma | Lease a Bike,0.79229,1.2084,-0.114,3.2009,0,0.7169,0.2696,,,,,467,103
tulett_ben,Visma | Lease a Bike,0.617339,0.854,0.0595,2.2316,1,0.4669,0.2597,,,,,473,83
uglehus_mikal_grimstad,Visma | Lease a Bike,-0.362628,-0.3042,-0.7823,0.9802,0,0.189,0.1528,,,,,244,12
uijtdebroeks_cian,Visma | Lease a Bike,0.245543,0.2783,-0.3703,1.0597,0,0.5941,0.2446,,,,,477,99
vader_milan,Visma | Lease a Bike,-0.771035,-0.5375,-0.7432,-0.2689,1,0.5502,0.3164,,,,,687,102
valter_attila,Visma | Lease a Bike,-0.023103,-0.0228,-0.3077,0.5798,0,0.6477,0.3342,,,,,720,195
van_aert_wout,Visma | Lease a Bike,0.873268,1.3947,0.7074,2.44,1,0.6374,0.3324,,,,,1538,330
van_baarle_dylan,Visma | Lease a Bike,0.224759,0.252,-0.1874,0.9601,0,0.6332,0.2924,,,,,742,146
van_belle_loe,Visma | Lease a Bike,0.020936,0.0212,-0.3316,0.5482,0,0.4746,0.3155,,,,,931,114
van_der_hoorn_taco,Visma | Lease a Bike,-0.799715,-0.5505,-0.7959,0.0237,0,0.6637,0.1888,,,,,380,81
van_der_sande_tosh,Visma | Lease a Bike,-0.149638,-0.139,-0.377,0.2779,0,0.5139,0.3194,,,,,931,192
van_dijke_mick,Visma | Lease a Bike,-0.064969,-0.0629,-0.3027,0.4527,0,0.5156,0.2929,,,,,917,158
van_dijke_tim,Visma | Lease a Bike,0.134125,0.1435,-0.2389,0.545,0,0.4656,0.3284,,,,,891,143
van_emden_jos,Visma | Lease a Bike,-0.121965,-0.1148,-0.3094,0.1307,0,0.4603,0.2887,,,,,1341,345
van_hoecke_gijs,Visma | Lease a Bike,-0.392754,-0.3248,-0.659,0.3177,0,0.2828,0.027,,,,,263,77
van_hooydonck_nathan,Visma | Lease a Bike,0.754606,1.1268,0.3001,2.5778,1,0.6595,0.2967,,,,,670,155
van_poppel_danny,Visma | Lease a Bike,0.32529,0.3844,-0.0889,1.352,0,0.4324,0.0896,,,,,492,125
vermote_julien,Visma | Lease a Bike,0.107285,0.1133,-0.324,0.8044,0,0.4852,0.2871,,,,,473,129
vingegaard_jonas,Visma | Lease a Bike,0.19464,0.2149,-0.1124,0.6551,0,0.6401,0.3234,,,,,1526,342
wagner_robert,Visma | Lease a Bike,0.793993,1.2122,-0.0708,2.6002,0,0.0964,-0.0798,,,,,247,35
wynants_maarten,Visma | Lease a Bike,-0.269776,-0.2364,-0.4496,0.078,0,0.5082,0.2647,,,,,831,167
yates_simon,Visma | Lease a Bike,-0.95285,-0.6144,-0.8827,0.0985,0,0.7771,0.2031,,,,,244,58
zingle_axel,Visma | Lease a Bike,0.049543,0.0508,-0.6102,1.6532,0,0.1961,0.1956,,,,,244,27
amador_andrey,INEOS Grenadiers,-0.086062,-0.0825,-0.4035,0.3968,0,0.5567,0.225,,,,,626,157
arensman_thymen,INEOS Grenadiers,0.23454,0.2643,-0.2418,1.1633,0,0.6498,0.1039,,,,,753,193
august_andrew,INEOS Grenadiers,-0.675205,-0.4909,-0.7269,-0.1745,1,0.6453,0.1138,,,,,485,104
basso_leonardo,INEOS Grenadiers,-0.015595,-0.0155,-0.3564,0.5753,0,0.5429,0.2498,,,,,911,170
bernal_egan,INEOS Grenadiers,-0.012861,-0.0128,-0.265,0.2849,0,0.6368,0.2795,,,,,1885,427
carapaz_richard,INEOS Grenadiers,-0.138329,-0.1292,-0.4729,0.4765,0,0.6595,0.1642,,,,,645,189
castroviejo_jonathan,INEOS Grenadiers,-0.129666,-0.1216,-0.3619,0.0967,0,0.6475,0.2661,,,,,1878,518
de_la_cruz_david,INEOS Grenadiers,-0.220323,-0.1977,-0.5261,0.336,0,0.637,0.1966,,,,,514,139
deignan_philip,INEOS Grenadiers,0.491854,0.6353,-0.6381,3.2057,0,0.5395,0.0348,,,,,248,32
dibben_jonathan,INEOS Grenadiers,0.754364,1.1263,-0.3165,5.2621,0,0.5391,0.0986,,,,,248,34
doull_owain,INEOS Grenadiers,0.125951,0.1342,-0.2203,0.7792,0,0.5463,0.2331,,,,,914,203
dunbar_eddie,INEOS Grenadiers,0.159994,0.1735,-0.1906,0.8032,0,0.4647,0.2808,,,,,1159,178
elissonde_kenny,INEOS Grenadiers,-0.243779,-0.2163,-0.5772,0.2799,0,0.5285,0.282,,,,,502,106
fraile_omar,INEOS Grenadiers,-0.209716,-0.1892,-0.4372,0.2622,0,0.5747,0.1682,,,,,993,233
froome_chris,INEOS Grenadiers,-0.694346,-0.5006,-0.7024,-0.1523,1,0.6958,0.2394,,,,,656,133
ganna_filippo,INEOS Grenadiers,0.30019,0.3501,0.1057,0.7542,1,0.4347,0.2469,,,,,1764,400
geoghegan_hart_tao,INEOS Grenadiers,0.097849,0.1028,-0.2036,0.4059,0,0.5521,0.2692,,,,,1444,332
gołaś_michał,INEOS Grenadiers,0.360534,0.4341,0.1129,0.9029,1,0.2095,0.269,,,,,945,183
halvorsen_kristoffer,INEOS Grenadiers,-0.341536,-0.2893,-0.5616,0.0882,0,0.5693,0.1699,,,,,513,104
hamilton_lucas,INEOS Grenadiers,0.006458,0.0065,-0.5488,1.9155,0,0.6932,-0.0555,,,,,254,72
hayter_ethan,INEOS Grenadiers,0.246973,0.2801,-0.0429,0.927,0,0.3621,0.2534,,,,,1442,235
hayter_leo,INEOS Grenadiers,0.89804,1.4548,0.3853,3.0195,1,0.4452,0.218,,,,,739,47
heiduk_kim,INEOS Grenadiers,0.21705,0.2424,-0.1061,0.7593,0,0.5,0.1813,,,,,1040,242
henao_sebastián,INEOS Grenadiers,0.127748,0.1363,-0.178,0.5173,0,0.5086,0.2365,,,,,885,182
henao_sergio,INEOS Grenadiers,1.227063,2.4112,0.5242,6.804,1,0.5168,0.0481,,,,,259,78
jungels_bob,INEOS Grenadiers,0.129463,0.1382,-0.443,1.7572,0,0.5393,-0.0566,,,,,254,66
kiryienka_vasil,INEOS Grenadiers,-0.148008,-0.1376,-0.5147,0.3252,0,0.5045,0.1106,,,,,434,114
knees_christian,INEOS Grenadiers,0.366448,0.4426,-0.0661,0.9052,0,0.5741,0.238,,,,,656,150
kwiatkowski_michał,INEOS Grenadiers,0.568293,0.7653,0.3964,1.3096,1,0.5413,0.2584,,,,,1963,471
langellotti_victor,INEOS Grenadiers,0.215341,0.2403,-0.5739,1.4681,0,0.6748,-0.0607,,,,,254,73
laurance_axel,INEOS Grenadiers,-0.999873,-0.6321,-0.8421,0.0148,0,0.698,-0.0845,,,,,254,68
lawless_chris,INEOS Grenadiers,0.109473,0.1157,-0.3103,0.7461,0,0.4599,0.2191,,,,,703,107
leonard_michael,INEOS Grenadiers,0.609656,0.8398,0.0311,1.8911,1,0.5708,0.1524,,,,,741,143
lópez_david,INEOS Grenadiers,-0.579097,-0.4396,-0.7705,0.2858,0,0.6131,0.0414,,,,,248,65
martínez_daniel_felipe,INEOS Grenadiers,-0.207675,-0.1875,-0.5484,0.6103,0,0.7369,0.1888,,,,,719,147
moscon_gianni,INEOS Grenadiers,0.56467,0.7589,0.1148,1.8548,1,0.4397,0.2552,,,,,962,206
narváez_jhonatan,INEOS Grenadiers,0.035688,0.0363,-0.2829,0.3783,0,0.5284,0.2748,,,,,1406,316
pidcock_tom,INEOS Grenadiers,0.186585,0.2051,-0.1683,0.7154,0,0.5262,0.2246,,,,,981,191
plapp_luke,INEOS Grenadiers,-0.266187,-0.2337,-0.575,0.2369,0,0.4334,0.1799,,,,,727,118
poels_wout,INEOS Grenadiers,-0.380326,-0.3164,-0.6885,0.9934,0,0.762,0.2013,,,,,511,137
porte_richie,INEOS Grenadiers,-0.238454,-0.2122,-0.6584,0.4166,0,0.6898,0.1497,,,,,470,95
puccio_salvatore,INEOS Grenadiers,-0.041659,-0.0408,-0.2397,0.2249,0,0.4955,0.275,,,,,1955,510
rivera_brandon_smith,INEOS Grenadiers,0.224916,0.2522,-0.0746,0.7425,0,0.5189,0.2173,,,,,1383,261
rodríguez_carlos,INEOS Grenadiers,-0.122659,-0.1154,-0.3384,0.3122,0,0.5646,0.206,,,,,1369,296
rodríguez_óscar,INEOS Grenadiers,-0.635313,-0.4702,-0.6963,-0.0887,1,0.6669,0.0449,,,,,485,122
rosa_diego,INEOS Grenadiers,0.034287,0.0349,-0.4295,0.692,0,0.3784,0.25,,,,,502,101
rowe_luke,INEOS Grenadiers,0.213587,0.2381,-0.0583,0.5332,0,0.4566,0.2871,,,,,1716,368
sheffield_magnus,INEOS Grenadiers,0.502096,0.6522,0.2264,1.402,1,0.5235,0.1659,,,,,1011,243
shmidt_artem,INEOS Grenadiers,-0.151595,-0.1407,-0.5885,0.4519,0,0.5221,0.0613,,,,,488,73
sivakov_pavel,INEOS Grenadiers,-0.038709,-0.038,-0.3058,0.2847,0,0.4646,0.2824,,,,,1493,352
sosa_iván_ramiro,INEOS Grenadiers,0.309356,0.3625,-0.1466,1.0592,0,0.5557,0.1892,,,,,619,115
stannard_ian,INEOS Grenadiers,0.241491,0.2731,-0.221,0.9276,0,0.4416,0.2071,,,,,620,148
swift_ben,INEOS Grenadiers,0.009974,0.01,-0.2223,0.2668,0,0.494,0.2196,,,,,1693,411
swift_connor,INEOS Grenadiers,0.02672,0.0271,-0.232,0.461,0,0.4533,0.1385,,,,,757,188
tarling_joshua,INEOS Grenadiers,0.55977,0.7503,0.1964,1.4466,1,0.376,0.138,,,,,775,140
thomas_geraint,INEOS Grenadiers,-0.025607,-0.0253,-0.2724,0.2299,0,0.6134,0.2666,,,,,1930,464
turner_ben,INEOS Grenadiers,0.007498,0.0075,-0.3034,0.3416,0,0.5398,0.1816,,,,,1029,254
viviani_elia,INEOS Grenadiers,0.015369,0.0155,-0.3381,0.541,0,0.4466,0.1989,,,,,813,176
watson_samuel,INEOS Grenadiers,0.708118,1.0302,-0.0581,2.9189,0,0.6364,-0.1452,,,,,254,78
wiśniowski_łukasz,INEOS Grenadiers,1.16171,2.1954,0.5763,6.3732,1,0.4461,0.0596,,,,,248,51
wurf_cameron,INEOS Grenadiers,0.052049,0.0534,-0.3356,0.5582,0,0.483,0.2546,,,,,1104,141
yates_adam,INEOS Grenadiers,-0.580272,-0.4403,-0.7729,0.4159,0,0.7416,0.085,,,,,489,110
øxenberg_peter,INEOS Grenadiers,-0.273385,-0.2392,-0.97,4.9856,0,0.1563,-0.1342,,,,,265,16
ackermann_pascal,UAE Team Emirates,-0.168336,-0.1549,-0.4845,0.3093,0,0.5047,0.2515,,,,,609,138
almeida_joão,UAE Team Emirates,-0.209288,-0.1888,-0.4925,0.213,0,0.7249,0.2727,,,,,1167,267
almutaiwei_mohammad,UAE Team Emirates,0.674659,0.9634,-0.3523,4.2585,0,0.4737,0.2945,,,,,590,14
ardila_andrés_camilo,UAE Team Emirates,0.155103,0.1678,-0.3426,1.1051,0,0.4332,0.1394,,,,,708,98
arrieta_igor,UAE Team Emirates,-0.059224,-0.0575,-0.4279,0.684,0,0.5139,0.2508,,,,,601,131
aru_fabio,UAE Team Emirates,-0.220225,-0.1977,-0.477,0.2566,0,0.5259,0.2196,,,,,722,161
atapuma_darwin,UAE Team Emirates,-0.187237,-0.1708,-0.6576,1.4149,0,0.7832,-0.1048,,,,,248,72
ayuso_juan,UAE Team Emirates,0.169529,0.1847,-0.2776,0.7471,0,0.5235,0.3136,,,,,1425,217
aït_el_abdia_anass,UAE Team Emirates,0.125149,0.1333,-0.5464,1.7951,0,0.6291,0.0965,,,,,257,38
baroncini_filippo,UAE Team Emirates,0.532335,0.7029,0.1297,1.6324,1,0.403,0.2662,,,,,590,122
bax_sjoerd,UAE Team Emirates,0.854916,1.3512,0.5147,2.8166,1,0.3248,0.2459,,,,,598,109
bjerg_mikkel,UAE Team Emirates,0.239954,0.2712,-0.018,0.6378,0,0.5405,0.3085,,,,,1624,375
bohli_tom,UAE Team Emirates,0.013402,0.0135,-0.4363,0.6072,0,0.5096,0.1369,,,,,456,110
bono_matteo,UAE Team Emirates,0.466835,0.5949,-0.1968,2.1119,0,0.5702,0.0187,,,,,237,55
brunel_alexys,UAE Team Emirates,0.417554,0.5182,-0.1715,2.6621,0,-0.0591,0.0195,,,,,281,22
bystrøm_sven_erik,UAE Team Emirates,0.008506,0.0085,-0.2736,0.3639,0,0.5572,0.2798,,,,,955,236
christen_jan,UAE Team Emirates,-0.069112,-0.0668,-0.4263,0.4433,0,0.3346,0.3129,,,,,892,128
consonni_simone,UAE Team Emirates,0.072226,0.0749,-0.3033,0.8329,0,0.544,0.287,,,,,534,152
conti_valerio,UAE Team Emirates,-0.359546,-0.302,-0.4889,-0.0393,1,0.5577,0.2799,,,,,957,251
costa_rui,UAE Team Emirates,0.123065,0.131,-0.1278,0.5675,0,0.5474,0.258,,,,,1233,302
covi_alessandro,UAE Team Emirates,0.264314,0.3025,0.0011,0.6617,1,0.3464,0.3358,,,,,1857,382
dalla_valle_nicolas,UAE Team Emirates,0.26492,0.3033,-0.442,1.9618,0,-0.3317,0.1144,,,,,297,15
del_toro_isaac,UAE Team Emirates,0.227879,0.2559,-0.2377,1.0604,0,0.6199,0.2655,,,,,590,132
dombrowski_joe,UAE Team Emirates,-0.29848,-0.2581,-0.5543,0.2109,0,0.5902,0.1898,,,,,427,105
fabries_ugo,UAE Team Emirates,0.749684,1.1163,-0.2998,3.2014,0,0.4269,0.2071,,,,,299,10
ferrari_roberto,UAE Team Emirates,0.050747,0.0521,-0.3747,1.0142,0,0.6064,0.2729,,,,,505,125
formolo_davide,UAE Team Emirates,-0.058537,-0.0569,-0.4047,0.3625,0,0.5745,0.2352,,,,,989,251
gaviria_fernando,UAE Team Emirates,0.15067,0.1626,-0.1658,0.5989,0,0.4679,0.2142,,,,,986,250
giaimi_luca,UAE Team Emirates,-0.107696,-0.1021,-0.5612,0.9417,0,0.2174,0.238,,,,,590,25
gibbons_ryan,UAE Team Emirates,0.098444,0.1035,-0.2637,0.573,0,0.3954,0.2428,,,,,834,185
glivar_gal,UAE Team Emirates,-0.285055,-0.248,-0.7837,1.3367,0,0.2693,0.2956,,,,,572,16
groß_felix,UAE Team Emirates,-0.474881,-0.378,-0.6528,-0.015,1,0.2912,0.1915,,,,,840,70
großschartner_felix,UAE Team Emirates,-0.383504,-0.3185,-0.5508,0.0141,0,0.5587,0.33,,,,,886,224
guatibonza_jonathan,UAE Team Emirates,-0.452609,-0.364,-0.8209,0.7266,0,0.2694,0.162,,,,,291,25
herregodts_rune,UAE Team Emirates,-0.011404,-0.0113,-0.51,0.66,0,0.4513,0.1875,,,,,299,52
hirschi_marc,UAE Team Emirates,0.265478,0.3041,-0.1043,0.6375,0,0.4064,0.3276,,,,,1156,266
hodeg_álvaro_josé,UAE Team Emirates,-0.40819,-0.3351,-0.6485,0.0391,0,0.5359,0.3186,,,,,578,85
jasim_al-ali_abdulla,UAE Team Emirates,-0.771981,-0.5379,-0.794,0.2986,0,0.4616,0.2625,,,,,590,15
johansen_julius,UAE Team Emirates,-0.138,-0.1289,-0.5286,0.8617,0,0.5412,0.1698,,,,,310,89
kluckers_arthur,UAE Team Emirates,-0.725269,-0.5158,-0.9164,0.6896,0,0.2276,-0.0871,,,,,281,11
knight_oliver,UAE Team Emirates,-0.919292,-0.6012,-0.8484,0.4678,0,-0.1872,-0.0604,,,,,281,12
kristoff_alexander,UAE Team Emirates,0.290971,0.3377,-0.0484,0.9666,0,0.573,0.2972,,,,,955,257
laengen_vegard_stake,UAE Team Emirates,0.390506,0.4777,0.242,0.8003,1,0.3615,0.3428,,,,,2107,528
majka_rafał,UAE Team Emirates,-0.070626,-0.0682,-0.2957,0.2355,0,0.5079,0.3305,,,,,1424,332
marcato_marco,UAE Team Emirates,0.193603,0.2136,-0.0974,0.6864,0,0.5645,0.2958,,,,,932,227
marivoet_duarte,UAE Team Emirates,0.162374,0.1763,-0.4799,1.2255,0,0.1545,0.2521,,,,,590,17
martin_dan,UAE Team Emirates,0.84659,1.3317,0.4259,3.1059,1,0.7477,0.2448,,,,,522,137
mcnulty_brandon,UAE Team Emirates,-0.213298,-0.1921,-0.3953,0.059,0,0.5398,0.3155,,,,,1616,402
mirza_yousif,UAE Team Emirates,-0.311094,-0.2674,-0.515,0.0808,0,0.4112,0.2939,,,,,1213,102
molano_juan_sebastián,UAE Team Emirates,0.003465,0.0035,-0.1969,0.2289,0,0.3541,0.3175,,,,,1884,425
morgado_antónio,UAE Team Emirates,0.803241,1.2328,0.365,2.4094,1,0.3539,0.2959,,,,,593,100
mori_manuele,UAE Team Emirates,0.525161,0.6907,-0.1248,1.869,0,0.6039,0.2678,,,,,505,133
muñoz_cristian_camilo,UAE Team Emirates,0.34592,0.4133,-0.0717,1.2516,0,0.4331,0.2474,,,,,702,107
niemiec_przemysław,UAE Team Emirates,-1.136775,-0.6791,-0.9487,0.2929,0,0.8403,0.1159,,,,,237,36
novak_domen,UAE Team Emirates,0.063083,0.0651,-0.2385,0.5324,0,0.3549,0.3655,,,,,885,216
oliveira_ivo,UAE Team Emirates,-0.170937,-0.1571,-0.3266,0.0474,0,0.3749,0.3175,,,,,1866,356
oliveira_rui,UAE Team Emirates,-0.381551,-0.3172,-0.4337,-0.176,1,0.3804,0.3275,,,,,1870,417
petilli_simone,UAE Team Emirates,0.14302,0.1538,-0.2473,1.0042,0,0.4478,0.1988,,,,,505,98
philipsen_jasper,UAE Team Emirates,-0.009592,-0.0095,-0.3967,0.6012,0,0.4675,0.1475,,,,,460,115
pogačar_tadej,UAE Team Emirates,1.059182,1.884,1.1064,2.7523,1,0.6222,0.3206,,,,,1905,373
polanc_jan,UAE Team Emirates,0.294488,0.3424,-0.0003,0.8466,0,0.4437,0.2417,,,,,1268,333
politt_nils,UAE Team Emirates,-0.430366,-0.3497,-0.5926,0.0856,0,0.6296,0.3336,,,,,629,144
ravasi_edward,UAE Team Emirates,0.36393,0.439,-0.0182,1.0746,0,0.4452,0.2526,,,,,681,137
ravbar_anže,UAE Team Emirates,-0.566944,-0.4327,-0.8421,0.4217,0,0.5857,0.2194,,,,,590,22
riabushenko_alexandr,UAE Team Emirates,0.338129,0.4023,-0.0104,0.9994,0,0.5104,0.2805,,,,,973,212
richeze_maximiliano,UAE Team Emirates,-0.166156,-0.1531,-0.4075,0.3474,0,0.5196,0.1602,,,,,729,194
schwarzbacher_matthias,UAE Team Emirates,1.04707,1.8493,0.0639,5.657,1,-0.3073,0.2061,,,,,299,13
soler_marc,UAE Team Emirates,-0.066634,-0.0645,-0.4177,0.4789,0,0.6778,0.2664,,,,,1167,290
staes_gibbe,UAE Team Emirates,0.153161,0.1655,-0.4452,1.5193,0,0.09,0.235,,,,,590,23
suter_joel,UAE Team Emirates,-0.625163,-0.4648,-0.7264,-0.032,1,0.3842,0.0189,,,,,281,62
sutherland_rory,UAE Team Emirates,0.555618,0.743,-0.1011,1.9431,0,0.5812,0.1629,,,,,517,124
torres_pablo,UAE Team Emirates,0.345365,0.4125,-0.2086,1.6227,0,0.3465,0.2501,,,,,601,68
trentin_matteo,UAE Team Emirates,0.760881,1.1402,0.4962,2.2826,1,0.4523,0.2473,,,,,902,207
troia_oliviero,UAE Team Emirates,-0.02063,-0.0204,-0.2955,0.3057,0,0.4256,0.2694,,,,,1213,269
ulissi_diego,UAE Team Emirates,0.254505,0.2898,0.0332,0.6282,1,0.428,0.3331,,,,,1868,482
vermeersch_florian,UAE Team Emirates,-0.567581,-0.4331,-0.7244,0.2692,0,0.5061,0.1887,,,,,303,62
vine_jay,UAE Team Emirates,0.183059,0.2009,-0.2388,0.6827,0,0.4847,0.294,,,,,894,184
vink_michael,UAE Team Emirates,-0.536293,-0.4151,-0.6933,-0.061,1,0.4179,0.3311,,,,,572,109
wellens_tim,UAE Team Emirates,0.149894,0.1617,-0.1655,0.7179,0,0.5645,0.3028,,,,,876,188
đurasek_kristijan,UAE Team Emirates,-0.851222,-0.5731,-0.8114,-0.2738,1,0.7002,0.2742,,,,,505,77
alaphilippe_julian,Soudal Quick-Step,0.198088,0.2191,-0.1252,0.5789,0,0.5796,0.2305,,,,,1747,418
archbold_shane,Soudal Quick-Step,-0.666377,-0.4864,-0.8265,0.0605,0,0.6281,0.1736,,,,,418,83
asgreen_kasper,Soudal Quick-Step,0.101919,0.1073,-0.1467,0.4139,0,0.478,0.233,,,,,1728,400
bagioli_andrea,Soudal Quick-Step,0.762154,1.1429,0.3752,2.1852,1,0.5226,0.2093,,,,,1031,187
ballerini_davide,Soudal Quick-Step,0.144927,0.156,-0.2637,0.625,0,0.5126,0.2025,,,,,991,208
bastiaens_ayco,Soudal Quick-Step,0.070948,0.0735,-0.4556,1.0705,0,0.5214,0.052,,,,,515,105
bennett_sam,Soudal Quick-Step,0.012982,0.0131,-0.6514,2.5954,0,0.7749,0.1562,,,,,418,90
capecchi_eros,Soudal Quick-Step,0.121934,0.1297,-0.4094,1.0518,0,0.6924,0.213,,,,,540,140
cattaneo_mattia,Soudal Quick-Step,0.339056,0.4036,0.0156,1.047,1,0.527,0.2056,,,,,1542,333
cavagna_rémi,Soudal Quick-Step,0.004696,0.0047,-0.2943,0.3488,0,0.3992,0.254,,,,,1492,411
cavendish_mark,Soudal Quick-Step,-0.614128,-0.4589,-0.7228,-0.105,1,0.6041,0.1549,,,,,520,124
declercq_tim,Soudal Quick-Step,0.109542,0.1158,-0.0948,0.4783,0,0.4691,0.2676,,,,,1444,383
devenyns_dries,Soudal Quick-Step,0.387657,0.4735,0.1043,0.9151,1,0.569,0.2686,,,,,1422,387
evenepoel_remco,Soudal Quick-Step,0.097549,0.1025,-0.2041,0.5369,0,0.5138,0.235,,,,,1709,351
garofoli_gianmarco,Soudal Quick-Step,0.619922,0.8588,-0.1591,3.998,0,0.5692,0.0316,,,,,281,69
garrison_ian,Soudal Quick-Step,-0.195458,-0.1775,-0.6111,0.3904,0,0.4085,0.1925,,,,,409,75
gelders_gil,Soudal Quick-Step,0.096622,0.1014,-0.249,0.6656,0,0.4121,0.0952,,,,,769,107
gilbert_philippe,Soudal Quick-Step,0.55151,0.7359,-0.3171,2.799,0,0.6863,0.1904,,,,,511,123
hirt_jan,Soudal Quick-Step,-0.233563,-0.2083,-0.5788,0.3666,0,0.7651,0.0414,,,,,493,126
honoré_mikkel_frølich,Soudal Quick-Step,0.32871,0.3892,-0.0542,0.9364,0,0.5371,0.2649,,,,,1224,228
huby_antoine,Soudal Quick-Step,-0.055618,-0.0541,-0.4025,0.4566,0,0.4626,0.0823,,,,,515,100
jakobsen_fabio,Soudal Quick-Step,-0.115782,-0.1093,-0.319,0.2512,0,0.4727,0.277,,,,,1432,299
keisse_iljo,Soudal Quick-Step,0.124875,0.133,-0.1524,0.5506,0,0.4972,0.2525,,,,,1168,305
knox_james,Soudal Quick-Step,-0.081603,-0.0784,-0.2983,0.2037,0,0.5835,0.2566,,,,,1984,494
lampaert_yves,Soudal Quick-Step,0.154069,0.1666,-0.1164,0.5032,0,0.4924,0.241,,,,,1979,482
lamperti_luke,Soudal Quick-Step,0.468882,0.5982,-0.1016,1.5428,0,0.4256,0.0729,,,,,518,110
landa_mikel,Soudal Quick-Step,-0.211235,-0.1904,-0.5959,0.6966,0,0.6903,0.0617,,,,,520,114
lecerf_junior,Soudal Quick-Step,-0.227211,-0.2032,-0.4986,0.4634,0,0.5938,0.1032,,,,,773,127
magnier_paul,Soudal Quick-Step,0.42572,0.5307,-0.1063,1.7777,0,0.5359,0.0545,,,,,515,99
martinelli_davide,Soudal Quick-Step,-0.040252,-0.0395,-0.4682,0.7688,0,0.5096,0.2121,,,,,528,101
mas_enric,Soudal Quick-Step,-0.303063,-0.2614,-0.5685,0.6097,0,0.6902,0.2623,,,,,511,131
masnada_fausto,Soudal Quick-Step,-0.231159,-0.2064,-0.5015,0.0902,0,0.5456,0.191,,,,,1206,208
merlier_tim,Soudal Quick-Step,-0.075615,-0.0728,-0.4457,0.4818,0,0.5804,0.0848,,,,,774,195
mørkøv_michael,Soudal Quick-Step,0.039801,0.0406,-0.2418,0.4141,0,0.5406,0.2679,,,,,1477,411
paret-peintre_valentin,Soudal Quick-Step,0.121762,0.1295,-0.4692,2.487,0,0.6428,-0.0391,,,,,262,57
pedersen_casper,Soudal Quick-Step,0.116197,0.1232,-0.2912,0.6966,0,0.4575,0.0871,,,,,791,187
pesenti_thomas,Soudal Quick-Step,-0.28289,-0.2464,-0.8492,1.8829,0,0.3333,-0.1054,,,,,276,19
raccagni_noviero_andrea,Soudal Quick-Step,-0.144553,-0.1346,-0.5328,0.6366,0,0.3391,0.1172,,,,,809,60
reinderink_pepijn,Soudal Quick-Step,0.112296,0.1188,-0.2747,0.6743,0,0.3443,0.0858,,,,,769,109
sabatini_fabio,Soudal Quick-Step,-0.155466,-0.144,-0.6556,1.0695,0,0.7612,0.2049,,,,,528,155
savino_federico,Soudal Quick-Step,-1.394142,-0.752,-0.9503,0.9173,0,0.4458,-0.1216,,,,,276,17
schachmann_maximilian,Soudal Quick-Step,-0.046146,-0.0451,-0.531,0.9733,0,0.6791,0.0934,,,,,558,143
schmid_mauro,Soudal Quick-Step,-0.004746,-0.0047,-0.3831,0.5876,0,0.3607,0.203,,,,,566,115
serry_pieter,Soudal Quick-Step,0.314426,0.3695,0.1078,0.7381,1,0.4363,0.2597,,,,,1945,467
servranckx_gauthier,Soudal Quick-Step,0.131642,0.1407,-0.4374,1.5357,0,-1.335,0.0588,,,,,515,11
soenens_viktor,Soudal Quick-Step,-2.907606,-0.9454,-0.9759,-0.7717,1,0.6873,-0.0869,,,,,276,10
steels_stijn,Soudal Quick-Step,-0.558919,-0.4282,-0.6685,0.1751,0,0.6035,0.1923,,,,,669,133
steimle_jannik,Soudal Quick-Step,0.221651,0.2481,-0.0735,0.7325,0,0.3709,0.2786,,,,,1274,181
svrček_martin,Soudal Quick-Step,-0.125354,-0.1178,-0.4795,0.3403,0,0.4507,0.1838,,,,,1031,123
sénéchal_florian,Soudal Quick-Step,0.181445,0.1989,-0.1367,0.5651,0,0.4803,0.2775,,,,,1486,338
terpstra_niki,Soudal Quick-Step,-0.815495,-0.5576,-0.8252,0.0402,0,0.5494,0.1904,,,,,263,74
vakoč_petr,Soudal Quick-Step,0.551585,0.736,-0.3411,4.2217,0,0.5638,0.1452,,,,,242,63
van_gestel_dries,Soudal Quick-Step,0.049827,0.0511,-0.4336,1.7865,0,0.4863,-0.1243,,,,,276,58
van_lerberghe_bert,Soudal Quick-Step,-0.194596,-0.1768,-0.3842,0.025,0,0.4698,0.212,,,,,1447,367
van_tricht_stan,Soudal Quick-Step,-0.147218,-0.1369,-0.4692,0.2934,0,0.4245,0.2228,,,,,752,120
van_wilder_ilan,Soudal Quick-Step,0.013978,0.0141,-0.3003,0.5672,0,0.6339,0.1769,,,,,1033,252
vanden_heede_lars,Soudal Quick-Step,0.165445,0.1799,-0.9208,3.3028,0,0.3921,0.0699,,,,,515,12
vangheluwe_warre,Soudal Quick-Step,-0.335848,-0.2853,-0.6081,0.1377,0,0.573,0.115,,,,,769,100
vansevenant_mauri,Soudal Quick-Step,0.342005,0.4078,0.0665,0.942,1,0.4875,0.2141,,,,,1444,311
vernon_ethan,Soudal Quick-Step,0.38443,0.4688,-0.0955,1.4739,0,0.561,0.2016,,,,,534,82
vervaeke_louis,Soudal Quick-Step,0.451825,0.5712,0.1791,1.1176,1,0.4962,0.1819,,,,,1033,246
vervenne_jonathan,Soudal Quick-Step,-0.720352,-0.5134,-0.7978,0.3594,0,-0.22,0.0537,,,,,515,15
warlop_jordi,Soudal Quick-Step,0.315921,0.3715,-0.1102,1.1646,0,0.4468,0.0889,,,,,769,98
černý_josef,Soudal Quick-Step,-0.259426,-0.2285,-0.4697,0.0159,0,0.4466,0.1972,,,,,1274,314
štybar_zdeněk,Soudal Quick-Step,-0.032245,-0.0317,-0.2967,0.3203,0,0.4762,0.25,,,,,1191,274
adrià_roger,Red Bull - BORA - hansgrohe,0.07905,0.0823,-0.3293,0.6037,0,0.466,0.0899,,,,,538,131
aleotti_giovanni,Red Bull - BORA - hansgrohe,0.135991,0.1457,-0.0815,0.5503,0,0.4552,0.1775,,,,,1336,335
baška_erik,Red Bull - BORA - hansgrohe,-0.167132,-0.1539,-0.4372,0.2285,0,0.4184,0.2765,,,,,956,152
benedetti_cesare,Red Bull - BORA - hansgrohe,-0.052668,-0.0513,-0.2461,0.1697,0,0.5179,0.2659,,,,,1732,453
bodnar_maciej,Red Bull - BORA - hansgrohe,-0.237121,-0.2111,-0.445,0.0795,0,0.5366,0.3214,,,,,941,237
buchmann_emanuel,Red Bull - BORA - hansgrohe,0.136236,0.146,-0.1699,0.5722,0,0.5645,0.2265,,,,,1725,387
burghardt_marcus,Red Bull - BORA - hansgrohe,0.576542,0.7799,0.2063,1.6398,1,0.5918,0.2755,,,,,893,192
denz_nico,Red Bull - BORA - hansgrohe,0.03396,0.0345,-0.2435,0.4765,0,0.5198,0.1019,,,,,824,212
donati_davide,Red Bull - BORA - hansgrohe,-0.167303,-0.1541,-0.8243,2.5326,0,-0.0015,-0.0859,,,,,254,12
drucker_jempy,Red Bull - BORA - hansgrohe,0.060051,0.0619,-0.4262,0.9181,0,0.5003,0.1834,,,,,390,85
fabbro_matteo,Red Bull - BORA - hansgrohe,-0.115567,-0.1091,-0.4553,0.3575,0,0.4924,0.1787,,,,,944,216
gamper_patrick,Red Bull - BORA - hansgrohe,-0.093124,-0.0889,-0.3524,0.2358,0,0.4201,0.1783,,,,,1239,317
gatto_oscar,Red Bull - BORA - hansgrohe,0.002006,0.002,-0.5166,1.006,0,0.4231,0.0419,,,,,388,61
hajek_alexander,Red Bull - BORA - hansgrohe,-0.047872,-0.0467,-0.4225,0.6618,0,0.5364,0.0838,,,,,522,137
haller_marco,Red Bull - BORA - hansgrohe,0.285726,0.3307,-0.134,1.0101,0,0.5153,0.1887,,,,,841,218
herzog_emil,Red Bull - BORA - hansgrohe,0.190559,0.2099,-0.3642,1.1392,0,0.5256,0.1134,,,,,522,106
higuita_sergio,Red Bull - BORA - hansgrohe,-0.045039,-0.044,-0.4648,0.4182,0,0.5689,0.1747,,,,,830,183
hindley_jai,Red Bull - BORA - hansgrohe,0.237367,0.2679,-0.208,0.8741,0,0.654,0.1564,,,,,1097,251
jasch_lennart,Red Bull - BORA - hansgrohe,-0.916162,-0.5999,-0.8443,0.1972,0,0.2829,-0.0927,,,,,254,15
kennaugh_peter,Red Bull - BORA - hansgrohe,0.356064,0.4277,-0.2693,2.3196,0,0.4901,0.1966,,,,,491,57
koch_jonas,Red Bull - BORA - hansgrohe,-0.004507,-0.0045,-0.2688,0.3729,0,0.2676,0.1789,,,,,1141,246
kolář_michael,Red Bull - BORA - hansgrohe,-0.724821,-0.5156,-0.7948,-0.0802,1,0.4544,0.1323,,,,,234,31
konrad_patrick,Red Bull - BORA - hansgrohe,0.353227,0.4237,0.0436,0.8853,1,0.5313,0.2619,,,,,1440,402
kämna_lennard,Red Bull - BORA - hansgrohe,-0.088303,-0.0845,-0.3804,0.4246,0,0.5782,0.1935,,,,,1132,214
laas_martin,Red Bull - BORA - hansgrohe,-0.128216,-0.1203,-0.3621,0.3548,0,0.5206,0.161,,,,,690,156
lazkano_oier,Red Bull - BORA - hansgrohe,0.39088,0.4783,-0.4497,4.5731,0,0.264,-0.1165,,,,,254,15
lipowitz_florian,Red Bull - BORA - hansgrohe,0.165053,0.1795,-0.2261,0.6566,0,0.5111,0.1848,,,,,1093,163
lührs_luis-joe,Red Bull - BORA - hansgrohe,0.236599,0.2669,-0.1449,0.8458,0,0.4026,0.186,,,,,806,125
maciejuk_filip,Red Bull - BORA - hansgrohe,-0.098998,-0.0943,-0.4108,0.4465,0,0.4097,0.1614,,,,,545,154
mccarthy_jay,Red Bull - BORA - hansgrohe,0.067374,0.0697,-0.3083,0.7952,0,0.6305,0.2725,,,,,622,158
meeus_jordi,Red Bull - BORA - hansgrohe,0.161778,0.1756,-0.1028,0.5982,0,0.4855,0.2217,,,,,1316,325
mullen_ryan,Red Bull - BORA - hansgrohe,0.032595,0.0331,-0.2583,0.4215,0,0.4622,0.1909,,,,,1088,278
mühlberger_gregor,Red Bull - BORA - hansgrohe,0.474719,0.6076,-0.0444,1.834,0,0.5413,0.2569,,,,,627,150
oss_daniel,Red Bull - BORA - hansgrohe,-0.488244,-0.3863,-0.6529,0.1314,0,0.7523,0.3008,,,,,863,246
pajur_romet,Red Bull - BORA - hansgrohe,-0.455554,-0.3659,-0.7878,0.3015,0,0.2724,-0.1161,,,,,264,24
palzer_anton,Red Bull - BORA - hansgrohe,0.214415,0.2391,-0.0576,0.6702,0,0.4014,0.2021,,,,,1311,249
pellizzari_giulio,Red Bull - BORA - hansgrohe,0.750296,1.1176,0.0037,3.24,1,0.57,-0.1336,,,,,254,60
pelucchi_matteo,Red Bull - BORA - hansgrohe,-0.444942,-0.3591,-0.7977,0.6126,0,0.5929,0.1694,,,,,234,44
pithie_laurence,Red Bull - BORA - hansgrohe,1.296008,2.6547,0.3571,9.0486,1,0.5835,-0.1543,,,,,254,56
poljański_paweł,Red Bull - BORA - hansgrohe,-0.228043,-0.2039,-0.5341,0.3236,0,0.6703,0.2758,,,,,641,188
pringle_nate,Red Bull - BORA - hansgrohe,-0.709137,-0.5079,-0.8868,0.3654,0,0.5835,-0.1518,,,,,254,14
pöstlberger_lukas,Red Bull - BORA - hansgrohe,0.022538,0.0228,-0.297,0.4075,0,0.5377,0.275,,,,,1155,276
sagan_juraj,Red Bull - BORA - hansgrohe,-0.270442,-0.237,-0.4718,0.1187,0,0.3613,0.2742,,,,,956,177
sagan_peter,Red Bull - BORA - hansgrohe,0.093567,0.0981,-0.3788,0.7079,0,0.722,0.3017,,,,,933,282
saramotins_aleksejs,Red Bull - BORA - hansgrohe,0.369059,0.4464,-0.3036,1.5816,0,0.2217,0.1638,,,,,234,42
schelling_ide,Red Bull - BORA - hansgrohe,0.303243,0.3542,-0.0111,0.8645,0,0.4177,0.1159,,,,,951,198
schillinger_andreas,Red Bull - BORA - hansgrohe,0.054251,0.0557,-0.2206,0.4774,0,0.4646,0.2862,,,,,891,212
schwarzmann_michael,Red Bull - BORA - hansgrohe,0.027096,0.0275,-0.2639,0.5795,0,0.5127,0.2994,,,,,891,239
selig_rüdiger,Red Bull - BORA - hansgrohe,-0.172366,-0.1583,-0.3848,0.2504,0,0.5072,0.289,,,,,891,229
sobrero_matteo,Red Bull - BORA - hansgrohe,0.355117,0.4263,-0.2347,1.5725,0,0.557,0.086,,,,,527,116
van_gils_maxim,Red Bull - BORA - hansgrohe,-0.597913,-0.45,-0.7178,0.2154,0,0.2706,-0.1028,,,,,258,44
vlasov_aleksandr,Red Bull - BORA - hansgrohe,-0.112507,-0.1064,-0.366,0.2263,0,0.5537,0.1853,,,,,1070,255
walls_matthew,Red Bull - BORA - hansgrohe,-0.119316,-0.1125,-0.4396,0.3539,0,0.4644,0.1985,,,,,789,104
wandahl_frederik,Red Bull - BORA - hansgrohe,-0.175379,-0.1609,-0.4268,0.108,0,0.3774,0.2085,,,,,1333,269
welsford_sam,Red Bull - BORA - hansgrohe,0.019697,0.0199,-0.4714,0.9601,0,0.5445,0.084,,,,,522,82
zwiehoff_ben,Red Bull - BORA - hansgrohe,0.226772,0.2545,-0.1047,0.5542,0,0.5006,0.2046,,,,,1311,331
aberasturi_jon,Lidl - Trek,-0.124102,-0.1167,-0.4222,0.4437,0,0.4894,0.1943,,,,,560,108
aebersold_nils,Lidl - Trek,0.09938,0.1045,-0.6232,1.7534,0,0.3795,0.1566,,,,,653,36
alafaci_eugenio,Lidl - Trek,0.764229,1.1473,-0.0772,3.8757,0,0.4604,0.2432,,,,,265,37
beppu_fumiyuki,Lidl - Trek,0.592515,0.8085,0.0211,1.9614,1,0.3648,0.1761,,,,,531,81
bernard_julien,Lidl - Trek,0.171393,0.187,-0.0135,0.4649,0,0.5538,0.3116,,,,,2033,516
brambilla_gianluca,Lidl - Trek,-0.123763,-0.1164,-0.3177,0.1618,0,0.5372,0.294,,,,,1299,321
brustenga_marc,Lidl - Trek,-0.193392,-0.1758,-0.6019,0.4829,0,0.5604,0.1792,,,,,556,100
brändle_matthias,Lidl - Trek,-0.398055,-0.3284,-0.7069,0.3408,0,0.5164,0.2483,,,,,270,65
cataldo_dario,Lidl - Trek,-0.091697,-0.0876,-0.3865,0.3981,0,0.4274,0.1997,,,,,842,165
ciccone_giulio,Lidl - Trek,0.177168,0.1938,-0.0618,0.587,0,0.579,0.2551,,,,,1860,414
clarke_will,Lidl - Trek,0.040202,0.041,-0.4327,0.8731,0,0.6315,0.1522,,,,,420,78
conci_nicola,Lidl - Trek,0.087946,0.0919,-0.2266,0.5811,0,0.4365,0.256,,,,,984,212
daniel_gregory,Lidl - Trek,-0.423507,-0.3453,-0.7644,0.4387,0,0.504,0.2779,,,,,265,37
de_kort_koen,Lidl - Trek,0.032998,0.0335,-0.3117,0.6313,0,0.6122,0.2702,,,,,936,232
debeaumarché_nicolas,Lidl - Trek,-0.2487,-0.2202,-0.7076,1.1224,0,-0.2401,0.067,,,,,272,15
degenkolb_john,Lidl - Trek,0.330381,0.3915,-0.2293,1.1129,0,0.5718,0.3008,,,,,540,147
didier_laurent,Lidl - Trek,-0.003339,-0.0033,-0.5036,0.759,0,0.329,0.2536,,,,,267,68
eg_niklas,Lidl - Trek,0.034009,0.0346,-0.205,0.4012,0,0.4892,0.3213,,,,,946,247
egholm_jakob,Lidl - Trek,0.252487,0.2872,-0.2508,1.1356,0,0.4222,0.2045,,,,,525,75
egholm_kristian,Lidl - Trek,-1.705315,-0.8183,-0.937,-0.3061,1,0.395,-0.0155,,,,,271,11
felline_fabio,Lidl - Trek,0.033609,0.0342,-0.3021,0.5501,0,0.4686,0.2701,,,,,826,178
frame_alex,Lidl - Trek,-0.285427,-0.2483,-0.5323,0.2126,0,0.5409,0.2889,,,,,510,92
frydkjær_patrick_boje,Lidl - Trek,-1.164463,-0.6879,-0.9355,0.3263,0,0.1216,0.1019,,,,,282,11
gallopin_tony,Lidl - Trek,0.754051,1.1256,0.3366,2.5909,1,0.5537,0.1776,,,,,556,145
ghebreigzabhier_amanuel,Lidl - Trek,-0.204703,-0.1851,-0.4416,0.1607,0,0.5263,0.2604,,,,,1372,300
gogl_michael,Lidl - Trek,0.391741,0.4796,-0.0606,1.7727,0,0.5848,0.2842,,,,,524,131
grmay_tsgabu,Lidl - Trek,0.024459,0.0248,-0.5959,1.1095,0,0.4946,0.2563,,,,,265,50
guerreiro_ruben,Lidl - Trek,-0.346427,-0.2928,-0.7062,0.6536,0,0.4029,0.2571,,,,,270,64
hellemose_asbjørn,Lidl - Trek,-0.400161,-0.3298,-0.581,0.2047,0,0.5486,0.2441,,,,,795,117
hoelgaard_markus,Lidl - Trek,-0.731486,-0.5188,-0.6989,-0.3208,1,0.4563,0.2166,,,,,556,102
hoole_daan,Lidl - Trek,0.45734,0.5799,0.0849,1.1238,1,0.4148,0.2372,,,,,1356,247
irizar_markel,Lidl - Trek,-0.313633,-0.2692,-0.6504,0.3772,0,0.7365,0.283,,,,,510,132
kamp_alexander,Lidl - Trek,0.069075,0.0715,-0.2517,0.4657,0,0.2975,0.2166,,,,,711,132
kirsch_alex,Lidl - Trek,0.095173,0.0998,-0.1258,0.3872,0,0.4221,0.3091,,,,,1770,434
kragh_andersen_søren,Lidl - Trek,0.563281,0.7564,-0.4376,2.7213,0,0.4626,0.0487,,,,,271,43
liepiņš_emīls,Lidl - Trek,0.093851,0.0984,-0.173,0.4865,0,0.3956,0.2507,,,,,1002,199
lópez_juan_pedro,Lidl - Trek,-0.180355,-0.165,-0.3572,0.1129,0,0.5335,0.2912,,,,,1732,359
milan_jonathan,Lidl - Trek,-0.081708,-0.0785,-0.4502,0.8598,0,0.6153,0.1344,,,,,527,115
mollema_bauke,Lidl - Trek,0.276164,0.3181,0.0478,0.755,1,0.5641,0.3147,,,,,2062,494
mosca_jacopo,Lidl - Trek,0.164084,0.1783,-0.0705,0.5268,0,0.4145,0.2858,,,,,1790,411
moschetti_matteo,Lidl - Trek,-0.121961,-0.1148,-0.3668,0.1693,0,0.4084,0.2791,,,,,1251,239
nibali_antonio,Lidl - Trek,0.079025,0.0822,-0.4214,0.9941,0,0.5496,0.1921,,,,,433,102
nibali_vincenzo,Lidl - Trek,0.785965,1.1945,-0.042,3.3278,0,0.7035,0.1555,,,,,458,127
nizzolo_giacomo,Lidl - Trek,-0.2914,-0.2528,-0.7245,0.8392,0,0.6775,0.278,,,,,265,63
nys_thibau,Lidl - Trek,0.043944,0.0449,-0.3437,0.8803,0,0.5379,0.2533,,,,,1073,118
pantano_jarlinson,Lidl - Trek,-0.563557,-0.4308,-0.692,0.1162,0,0.5608,0.3448,,,,,521,78
pedersen_mads,Lidl - Trek,0.276089,0.318,0.0821,0.7411,1,0.4973,0.3026,,,,,2084,526
pedersen_martin,Lidl - Trek,-0.672574,-0.4896,-0.7348,-0.0357,1,0.354,0.1405,,,,,632,42
pellaud_simon,Lidl - Trek,-0.170716,-0.1569,-0.5171,0.3382,0,0.1112,0.1249,,,,,322,60
quarterman_charlie,Lidl - Trek,-0.931183,-0.6059,-0.7739,-0.2588,1,0.4156,0.1251,,,,,659,73
rast_grégory,Lidl - Trek,0.653517,0.9223,-0.0748,3.8018,0,0.5641,0.2613,,,,,265,67
reijnen_kiel,Lidl - Trek,0.109957,0.1162,-0.2247,0.5358,0,0.5169,0.3084,,,,,924,192
ries_michel,Lidl - Trek,-0.208695,-0.1884,-0.4768,0.3061,0,0.3888,0.2664,,,,,685,109
simmons_quinn,Lidl - Trek,-0.165214,-0.1523,-0.4058,0.2102,0,0.485,0.2706,,,,,1509,271
skjelmose_mattias,Lidl - Trek,0.21935,0.2453,-0.0968,0.5674,0,0.4393,0.2668,,,,,1531,303
skujiņš_toms,Lidl - Trek,0.258447,0.2949,0.0459,0.5983,1,0.5435,0.3165,,,,,2078,524
stetina_peter,Lidl - Trek,-0.329748,-0.2809,-0.5002,0.0583,0,0.6,0.3,,,,,518,133
stuyven_jasper,Lidl - Trek,-0.000127,-0.0001,-0.2559,0.3099,0,0.636,0.3113,,,,,2048,507
söderqvist_jakob,Lidl - Trek,-0.137917,-0.1288,-0.5922,1.0205,0,0.4462,0.1456,,,,,534,44
tesfatsion_natnael,Lidl - Trek,-0.251666,-0.2225,-0.5037,0.2269,0,0.486,0.1544,,,,,540,112
teutenberg_tim_torn,Lidl - Trek,0.604023,0.8295,0.0182,3.1407,1,0.5355,0.1076,,,,,655,75
theuns_edward,Lidl - Trek,-0.126886,-0.1192,-0.3199,0.1606,0,0.5662,0.3023,,,,,1757,503
tiberi_antonio,Lidl - Trek,0.147818,0.1593,-0.255,0.6711,0,0.3439,0.2135,,,,,898,132
vacek_mathias,Lidl - Trek,0.076882,0.0799,-0.2576,0.502,0,0.4346,0.2556,,,,,1084,189
van_poppel_boy,Lidl - Trek,-0.014046,-0.0139,-0.4244,0.4682,0,0.2098,0.1988,,,,,265,76
verbnjak_paul,Lidl - Trek,-0.258628,-0.2279,-0.9721,92.6429,0,0.767,0.0447,,,,,271,11
vergaerde_otto,Lidl - Trek,0.151545,0.1636,-0.1531,0.6979,0,0.4867,0.2497,,,,,1073,249
verona_carlos,Lidl - Trek,0.118307,0.1256,-0.4362,1.5435,0,0.7238,0.1333,,,,,528,135
weening_pieter,Lidl - Trek,0.539681,0.7155,-0.1757,2.5684,0,0.0246,0.0556,,,,,178,22
albanese_vincenzo,EF Education - EasyPost,0.201314,0.223,-0.4264,2.1951,0,0.5015,-0.0487,,,,,244,69
arroyave_daniel,EF Education - EasyPost,-0.619328,-0.4617,-0.7307,0.0825,0,0.3062,0.2747,,,,,444,30
barta_will,EF Education - EasyPost,0.644235,0.9045,-0.2577,2.9393,0,0.3199,0.1209,,,,,196,39
battistella_samuele,EF Education - EasyPost,0.953376,1.5945,0.1943,4.7543,1,0.2984,-0.0503,,,,,244,53
baudin_alex,EF Education - EasyPost,-0.436608,-0.3538,-0.7535,0.8888,0,0.5707,0.0019,,,,,248,60
beloki_markel,EF Education - EasyPost,-0.305866,-0.2635,-0.5177,0.1509,0,0.3921,0.1393,,,,,518,93
bennett_sean,EF Education - EasyPost,0.004767,0.0048,-0.4493,1.1445,0,0.5896,0.1542,,,,,378,89
bettiol_alberto,EF Education - EasyPost,0.15493,0.1676,-0.1281,0.6782,0,0.5411,0.2594,,,,,1479,322
bissegger_stefan,EF Education - EasyPost,0.331486,0.393,0.017,0.982,1,0.4798,0.2617,,,,,1198,271
breschel_matti,EF Education - EasyPost,0.238899,0.2698,-0.2115,1.1321,0,0.3083,0.0904,,,,,502,71
brown_nathan,EF Education - EasyPost,-0.416088,-0.3404,-0.6567,0.0412,0,0.6533,0.2928,,,,,490,139
caicedo_jonathan_klever,EF Education - EasyPost,-0.210004,-0.1894,-0.4083,0.2084,0,0.5798,0.2911,,,,,1117,282
camargo_diego_andrés,EF Education - EasyPost,-0.029169,-0.0287,-0.3637,0.5364,0,0.5595,0.2303,,,,,701,145
canty_brendan,EF Education - EasyPost,-0.414301,-0.3392,-0.717,0.4449,0,0.6045,0.057,,,,,238,46
cardona_julián,EF Education - EasyPost,-0.472169,-0.3764,-0.7607,0.2654,0,0.3198,0.271,,,,,238,34
carr_simon,EF Education - EasyPost,-0.152548,-0.1415,-0.3463,0.1677,0,0.4358,0.2474,,,,,964,193
carthy_hugh,EF Education - EasyPost,-0.299788,-0.259,-0.3932,-0.0735,1,0.5135,0.3083,,,,,1853,481
cepeda_jefferson_alexander,EF Education - EasyPost,0.023568,0.0238,-0.2458,0.5383,0,0.5982,0.2964,,,,,1042,202
chaves_esteban,EF Education - EasyPost,-0.107837,-0.1022,-0.3314,0.1767,0,0.4674,0.2642,,,,,1012,242
clarke_simon,EF Education - EasyPost,0.624086,0.8665,0.255,2.3048,1,0.6657,0.2218,,,,,630,202
cort_magnus,EF Education - EasyPost,0.218418,0.2441,-0.1676,0.9309,0,0.6148,0.243,,,,,867,257
craddock_lawson,EF Education - EasyPost,0.232609,0.2619,-0.2328,1.0575,0,0.6248,0.2392,,,,,828,217
de_bod_stefan,EF Education - EasyPost,-0.240366,-0.2137,-0.5046,0.1429,0,0.3198,0.1579,,,,,535,115
docker_mitchell,EF Education - EasyPost,0.334339,0.397,-0.1684,1.2395,0,0.6898,0.2776,,,,,824,201
eiking_odd_christian,EF Education - EasyPost,0.187648,0.2064,-0.2643,0.8442,0,0.3062,0.1912,,,,,516,91
el_fares_julien,EF Education - EasyPost,0.204434,0.2268,-0.4945,2.5063,0,0.4367,-0.0143,,,,,196,36
healy_ben,EF Education - EasyPost,-0.042832,-0.0419,-0.3034,0.3006,0,0.4972,0.2441,,,,,1030,220
hlady_gavin,EF Education - EasyPost,-0.297267,-0.2572,-0.7511,1.0407,0,-0.0541,0.102,,,,,507,10
hofland_moreno,EF Education - EasyPost,-0.219552,-0.1971,-0.4772,0.3528,0,0.2578,0.3104,,,,,574,54
howes_alex,EF Education - EasyPost,0.43934,0.5517,0.1065,1.3548,1,0.4276,0.2828,,,,,1070,120
kangert_tanel,EF Education - EasyPost,-0.074312,-0.0716,-0.5591,1.1761,0,0.6923,0.1211,,,,,402,129
keukeleire_jens,EF Education - EasyPost,-0.371953,-0.3106,-0.5218,-0.0015,1,0.5301,0.2524,,,,,835,228
kudus_merhawi,EF Education - EasyPost,0.276373,0.3183,-0.1507,1.3329,0,0.6016,0.229,,,,,507,102
langeveld_sebastian,EF Education - EasyPost,-0.027092,-0.0267,-0.2992,0.369,0,0.5497,0.2711,,,,,1085,239
lovidius_edvin,EF Education - EasyPost,-0.558074,-0.4277,-0.7638,0.453,0,0.1626,0.0206,,,,,280,15
mackellar_alastair,EF Education - EasyPost,-0.329776,-0.2809,-0.7109,0.5151,0,0.2502,0.0672,,,,,244,41
magnusson_kim,EF Education - EasyPost,0.302388,0.3531,-0.4766,3.0728,0,0.4459,0.0648,,,,,251,41
mihkels_madis,EF Education - EasyPost,0.401392,0.4939,-0.2363,1.8641,0,0.3661,0.0524,,,,,244,56
modolo_sacha,EF Education - EasyPost,0.247961,0.2814,-0.1336,0.8207,0,0.4594,0.2086,,,,,523,130
moreno_daniel,EF Education - EasyPost,0.380471,0.463,-0.2845,1.5843,0,0.6034,0.1692,,,,,238,52
morton_lachlan,EF Education - EasyPost,0.388597,0.4749,-0.2078,1.1679,0,0.6141,0.3356,,,,,822,92
nakane_hideto,EF Education - EasyPost,0.664191,0.9429,0.1821,2.1535,1,0.2485,0.2515,,,,,444,44
nerurkar_lukas,EF Education - EasyPost,0.259639,0.2965,-0.2718,1.0016,0,0.4084,0.1323,,,,,507,102
neves_josé,EF Education - EasyPost,0.719963,1.0544,-0.13,4.2892,0,0.0459,0.1746,,,,,238,16
owen_logan,EF Education - EasyPost,-0.217343,-0.1953,-0.5142,0.2169,0,0.6552,0.2703,,,,,812,167
padun_mark,EF Education - EasyPost,-0.004342,-0.0043,-0.3527,0.4164,0,0.3317,0.2383,,,,,505,93
phinney_taylor,EF Education - EasyPost,-0.187692,-0.1711,-0.6902,1.1283,0,0.66,0.2434,,,,,482,84
piccolo_andrea,EF Education - EasyPost,0.422369,0.5256,-0.078,1.1142,0,0.393,0.2633,,,,,768,109
quinn_sean,EF Education - EasyPost,0.174329,0.1904,-0.1328,0.6087,0,0.4728,0.2699,,,,,1025,209
rafferty_darren,EF Education - EasyPost,0.199947,0.2213,-0.437,1.134,0,0.6906,0.1349,,,,,509,128
rolland_pierre,EF Education - EasyPost,0.115758,0.1227,-0.5745,1.6011,0,0.7026,0.1761,,,,,238,84
rootkin-gray_jack,EF Education - EasyPost,-0.387586,-0.3213,-0.6681,0.1631,0,0.5474,0.1798,,,,,507,94
rutsch_jonas,EF Education - EasyPost,-0.098008,-0.0934,-0.2948,0.1728,0,0.4637,0.2487,,,,,1172,263
scully_tom,EF Education - EasyPost,0.055071,0.0566,-0.15,0.3393,0,0.4878,0.3131,,,,,1326,318
shaw_james,EF Education - EasyPost,0.048862,0.0501,-0.2039,0.4389,0,0.4962,0.2725,,,,,1012,266
steinhauser_georg,EF Education - EasyPost,0.172946,0.1888,-0.2061,0.6112,0,0.4237,0.2938,,,,,1035,181
sweeny_harry,EF Education - EasyPost,0.135079,0.1446,-0.2039,0.8726,0,0.4835,0.1637,,,,,518,116
todome_yuhi,EF Education - EasyPost,0.171709,0.1873,-0.2225,1.1439,0,0.4052,0.2461,,,,,776,79
urán_rigoberto,EF Education - EasyPost,0.047826,0.049,-0.1997,0.2925,0,0.6031,0.3213,,,,,1614,365
valgren_michael,EF Education - EasyPost,0.082913,0.0864,-0.1855,0.4501,0,0.5024,0.2818,,,,,1240,257
van_asbroeck_tom,EF Education - EasyPost,0.065054,0.0672,-0.498,0.9382,0,0.4779,0.1916,,,,,254,78
van_den_berg_julius,EF Education - EasyPost,-0.171119,-0.1573,-0.3187,0.1025,0,0.513,0.2842,,,,,1341,319
van_den_berg_marijn,EF Education - EasyPost,-0.08398,-0.0806,-0.337,0.184,0,0.4142,0.258,,,,,1012,248
van_der_lee_jardi_christiaan,EF Education - EasyPost,0.182009,0.1996,-0.316,0.9902,0,0.6038,0.2112,,,,,764,121
van_garderen_tejay,EF Education - EasyPost,-0.394734,-0.3261,-0.573,0.0628,0,0.6716,0.2572,,,,,574,150
vanmarcke_sep,EF Education - EasyPost,-0.14906,-0.1385,-0.4452,0.309,0,0.56,0.209,,,,,620,156
villalobos_luis,EF Education - EasyPost,-0.177454,-0.1626,-0.6319,0.949,0,0.3917,0.194,,,,,378,20
walker_max,EF Education - EasyPost,0.325998,0.3854,-0.2107,1.8689,0,0.5363,0.0411,,,,,244,62
whelan_james,EF Education - EasyPost,0.104393,0.11,-0.3438,0.7163,0,0.5398,0.2586,,,,,574,116
woods_michael,EF Education - EasyPost,0.360452,0.434,-0.2118,1.491,0,0.765,0.2319,,,,,629,176
armirail_bruno,Groupama - FDJ,-0.151581,-0.1407,-0.3005,0.0988,0,0.521,0.3324,,,,,1436,361
askey_lewis,Groupama - FDJ,0.127096,0.1355,-0.059,0.5087,0,0.4968,0.2864,,,,,1451,256
badilatti_matteo,Groupama - FDJ,-0.058703,-0.057,-0.4335,0.7336,0,0.5515,0.2975,,,,,525,106
balmer_alexandre,Groupama - FDJ,0.085664,0.0894,-0.687,1.6004,0,0.2843,0.3299,,,,,246,10
barthe_cyril,Groupama - FDJ,-0.456365,-0.3664,-0.6079,-0.005,1,0.4953,0.1298,,,,,519,147
bonnet_william,Groupama - FDJ,-0.109423,-0.1036,-0.3204,0.4113,0,0.4997,0.3181,,,,,897,181
bower_lewis,Groupama - FDJ,-0.850818,-0.5729,-0.7338,-0.2288,1,0.36,0.1598,,,,,780,49
braz_afonso_clément,Groupama - FDJ,0.598517,0.8194,0.0338,2.399,1,0.6301,0.1931,,,,,265,67
cimolai_davide,Groupama - FDJ,-0.457211,-0.367,-0.6364,0.3232,0,0.435,0.0861,,,,,286,50
davy_clément,Groupama - FDJ,0.024759,0.0251,-0.18,0.3008,0,0.4197,0.3087,,,,,1676,310
decomble_maxime,Groupama - FDJ,0.028524,0.0289,-0.5927,1.1669,0,0.0375,0.1812,,,,,519,22
delage_mickaël,Groupama - FDJ,0.125794,0.134,-0.1357,0.5746,0,0.3563,0.3407,,,,,918,156
donnenwirth_tom,Groupama - FDJ,0.491409,0.6346,-0.1795,1.5523,0,0.3794,0.19,,,,,265,54
duchesne_antoine,Groupama - FDJ,-0.263554,-0.2317,-0.4162,0.0812,0,0.4202,0.3045,,,,,1173,259
démare_arnaud,Groupama - FDJ,0.220034,0.2461,-0.0285,0.6129,0,0.4778,0.3377,,,,,1457,332
fontaine_titouan,Groupama - FDJ,-0.151556,-0.1406,-0.6657,0.776,0,-0.3003,0.1488,,,,,519,17
frankiny_kilian,Groupama - FDJ,0.932246,1.5402,0.3387,3.1302,1,0.6408,0.229,,,,,406,116
gaudu_david,Groupama - FDJ,0.299167,0.3487,0.0329,0.767,1,0.5949,0.3187,,,,,1944,496
geniets_kevin,Groupama - FDJ,-0.061264,-0.0594,-0.2453,0.2302,0,0.4691,0.3225,,,,,1715,405
germani_lorenzo,Groupama - FDJ,-0.081209,-0.078,-0.3317,0.2692,0,0.5408,0.3037,,,,,1261,230
gruel_thibaud,Groupama - FDJ,0.264326,0.3026,-0.1555,0.8574,0,0.3722,0.1735,,,,,768,120
grégoire_romain,Groupama - FDJ,0.714759,1.0437,0.3316,2.0339,1,0.5948,0.2639,,,,,1034,204
guarnieri_jacopo,Groupama - FDJ,0.177968,0.1948,-0.1097,0.6299,0,0.4624,0.3212,,,,,1215,264
guglielmi_simon,Groupama - FDJ,-0.007732,-0.0077,-0.4616,0.8571,0,0.6195,0.2707,,,,,416,102
hobbs_noah,Groupama - FDJ,1.090025,1.9743,0.0344,5.7254,1,0.0816,0.1335,,,,,517,19
hoelgaard_daniel,Groupama - FDJ,-0.312375,-0.2683,-0.521,0.1774,0,0.4038,0.2557,,,,,484,93
jacobs_johan,Groupama - FDJ,0.231913,0.261,-0.4051,1.4443,0,0.4569,0.1456,,,,,265,55
jerman_žiga,Groupama - FDJ,-1.233381,-0.7087,-0.9035,-0.3372,1,0.2414,0.1945,,,,,425,15
konovalovas_ignatas,Groupama - FDJ,-0.053004,-0.0516,-0.2595,0.1524,0,0.4217,0.3943,,,,,1415,271
küng_stefan,Groupama - FDJ,0.563448,0.7567,0.4193,1.2876,1,0.5865,0.3143,,,,,1801,440
ladagnous_matthieu,Groupama - FDJ,-0.003039,-0.003,-0.1926,0.27,0,0.3548,0.3581,,,,,1393,332
le_gac_olivier,Groupama - FDJ,0.032747,0.0333,-0.1597,0.2446,0,0.4526,0.321,,,,,1945,521
le_huitouze_eddy,Groupama - FDJ,-0.111642,-0.1056,-0.4102,0.2252,0,0.3788,0.2325,,,,,1036,139
lienhard_fabian,Groupama - FDJ,0.042958,0.0439,-0.207,0.3778,0,0.5025,0.321,,,,,1266,293
ludvigsson_tobias,Groupama - FDJ,0.031147,0.0316,-0.1927,0.3519,0,0.4592,0.3364,,,,,1194,287
madouas_valentin,Groupama - FDJ,0.223346,0.2503,-0.0238,0.645,0,0.5668,0.3244,,,,,1970,503
martin_guillaume,Groupama - FDJ,0.568259,0.7652,-0.167,3.222,0,0.5813,0.153,,,,,265,59
martinez_lenny,Groupama - FDJ,0.467049,0.5953,0.0933,1.7464,1,0.5401,0.2625,,,,,750,126
molard_rudy,Groupama - FDJ,0.106567,0.1125,-0.0856,0.3631,0,0.5076,0.315,,,,,1934,494
morabito_steve,Groupama - FDJ,-0.259231,-0.2284,-0.5563,0.3049,0,0.5524,0.2779,,,,,504,105
nilsson-julien_oscar,Groupama - FDJ,1.016643,1.7639,-0.001,7.2673,0,-0.3854,0.1775,,,,,265,13
pacher_quentin,Groupama - FDJ,-0.293009,-0.254,-0.5401,0.1719,0,0.7134,0.2591,,,,,1025,287
paleni_enzo,Groupama - FDJ,-0.351108,-0.2961,-0.5242,-0.0266,1,0.5475,0.2987,,,,,1271,218
penhoët_paul,Groupama - FDJ,-0.120749,-0.1137,-0.353,0.2525,0,0.4794,0.2818,,,,,1468,209
pinot_thibaut,Groupama - FDJ,-0.176447,-0.1618,-0.4022,0.063,0,0.5937,0.357,,,,,1431,363
preidler_georg,Groupama - FDJ,-0.811945,-0.556,-0.6977,-0.279,1,0.489,0.2281,,,,,486,69
reichenbach_sébastien,Groupama - FDJ,0.026107,0.0265,-0.277,0.3689,0,0.4991,0.3254,,,,,1199,266
rochas_rémy,Groupama - FDJ,0.092027,0.0964,-0.2993,0.7024,0,0.5233,0.2091,,,,,519,141
rolland_brieuc,Groupama - FDJ,0.213785,0.2384,-0.2925,0.8904,0,0.5306,0.2024,,,,,762,85
roux_anthony,Groupama - FDJ,0.021355,0.0216,-0.2119,0.3768,0,0.403,0.3127,,,,,1198,252
roy_jérémy,Groupama - FDJ,0.775576,1.1718,0.1276,3.0632,1,0.4371,0.1292,,,,,245,65
russo_clément,Groupama - FDJ,-0.203064,-0.1838,-0.5296,0.4466,0,0.6507,0.1814,,,,,519,141
sarreau_marc,Groupama - FDJ,-0.147644,-0.1373,-0.4234,0.2749,0,0.4494,0.2588,,,,,926,200
scotson_miles,Groupama - FDJ,-0.02525,-0.0249,-0.2548,0.2954,0,0.4712,0.3177,,,,,1157,275
seigle_romain,Groupama - FDJ,-0.416974,-0.341,-0.5264,-0.1751,1,0.4327,0.2958,,,,,897,198
sinkeldam_ramon,Groupama - FDJ,0.150805,0.1628,-0.0668,0.6126,0,0.4378,0.3589,,,,,1155,281
stewart_jake,Groupama - FDJ,-0.037161,-0.0365,-0.3273,0.3599,0,0.4045,0.3066,,,,,970,173
storer_michael,Groupama - FDJ,0.396131,0.4861,-0.0906,1.3424,0,0.5428,0.2552,,,,,496,124
thomas_benjamin,Groupama - FDJ,-0.092828,-0.0886,-0.3237,0.2324,0,0.3929,0.2571,,,,,962,178
thompson_reuben,Groupama - FDJ,0.138887,0.149,-0.1818,0.5603,0,0.4418,0.3036,,,,,1013,153
van_den_berg_lars,Groupama - FDJ,-0.305655,-0.2634,-0.5074,0.0436,0,0.4131,0.2802,,,,,1176,164
vaugrenard_benoît,Groupama - FDJ,0.232186,0.2614,-0.1656,1.0183,0,0.497,0.2058,,,,,481,111
vichot_arthur,Groupama - FDJ,-0.331644,-0.2823,-0.813,1.1551,0,0.7255,0.0362,,,,,245,49
vincent_léo,Groupama - FDJ,0.33362,0.396,-0.0641,1.0421,0,0.3851,0.2597,,,,,651,135
welten_bram,Groupama - FDJ,0.138669,0.1487,-0.2693,0.8407,0,0.5996,0.2638,,,,,506,101
adamietz_johannes,Lotto Dstny,-0.133342,-0.1248,-0.4204,0.1771,0,0.2356,0.2194,,,,,533,115
aerts_toon,Lotto Dstny,-0.928944,-0.605,-0.8142,-0.1461,1,0.1871,0.1148,,,,,228,32
armée_sander,Lotto Dstny,-0.357632,-0.3007,-0.5591,0.0921,0,0.5793,0.2137,,,,,667,217
bak_lars_ytting,Lotto Dstny,-0.277736,-0.2425,-0.5902,0.7196,0,0.4693,0.225,,,,,242,64
barbero_carlos,Lotto Dstny,-0.83717,-0.5671,-0.8286,-0.0991,1,0.4236,0.3708,,,,,276,43
berckmoes_jenno,Lotto Dstny,0.073841,0.0766,-0.3442,0.7612,0,0.4727,0.1578,,,,,484,111
beullens_cedric,Lotto Dstny,0.118049,0.1253,-0.185,0.4236,0,0.4495,0.3562,,,,,1014,238
blythe_adam,Lotto Dstny,-0.08782,-0.0841,-0.5736,1.0078,0,-0.0474,0.2136,,,,,287,29
conca_filippo,Lotto Dstny,-0.311757,-0.2678,-0.5247,0.0748,0,0.328,0.2278,,,,,539,104
craps_lars,Lotto Dstny,-0.334766,-0.2845,-0.6659,0.374,0,0.4594,-0.0069,,,,,228,50
cras_steff,Lotto Dstny,0.221161,0.2475,-0.1581,0.7765,0,0.4429,0.2119,,,,,651,125
currie_logan,Lotto Dstny,-0.109041,-0.1033,-0.437,0.3601,0,0.3261,0.1387,,,,,488,123
de_buyst_jasper,Lotto Dstny,0.219574,0.2455,-0.0114,0.5256,0,0.3623,0.3533,,,,,1899,479
de_gendt_thomas,Lotto Dstny,-0.008786,-0.0087,-0.1854,0.2448,0,0.6163,0.3538,,,,,1667,557
de_lie_arnaud,Lotto Dstny,0.158912,0.1722,-0.1168,0.4936,0,0.4529,0.3407,,,,,1018,242
de_lie_axel,Lotto Dstny,-0.532428,-0.4128,-0.6751,0.0952,0,0.3165,0.2605,,,,,510,36
de_schuyteneer_steffen,Lotto Dstny,-0.098097,-0.0934,-0.5147,0.49,0,0.3538,0.1653,,,,,480,67
debusschere_jens,Lotto Dstny,0.166522,0.1812,-0.3129,1.2326,0,0.3955,0.1749,,,,,242,75
dewulf_stan,Lotto Dstny,0.228825,0.2571,-0.2561,1.0584,0,0.5518,0.2524,,,,,667,98
donie_milan,Lotto Dstny,0.599414,0.8211,-0.3671,4.3625,0,0.1932,0.1902,,,,,480,15
driesen_niels,Lotto Dstny,-0.252125,-0.2229,-0.6757,0.7852,0,-0.1106,0.1497,,,,,228,11
drizners_jarrad,Lotto Dstny,-0.076955,-0.0741,-0.3467,0.2237,0,0.4562,0.3573,,,,,1014,218
ewan_caleb,Lotto Dstny,0.314199,0.3692,0.0213,0.7105,1,0.481,0.3192,,,,,1176,268
fox_matthew,Lotto Dstny,-0.401995,-0.331,-0.6953,0.7759,0,-0.076,-0.0009,,,,,238,12
frison_frederik,Lotto Dstny,0.170111,0.1854,-0.0546,0.5327,0,0.4853,0.3764,,,,,1419,350
giddings_joshua,Lotto Dstny,-0.156271,-0.1447,-0.4658,0.2618,0,0.3414,0.27,,,,,758,90
goossens_kobe,Lotto Dstny,0.067319,0.0696,-0.4312,0.9352,0,0.4426,0.0849,,,,,375,92
gregaard_jonas,Lotto Dstny,-0.025429,-0.0251,-0.459,0.7146,0,0.5278,0.1534,,,,,480,133
greipel_andré,Lotto Dstny,-0.118841,-0.1121,-0.5527,0.5954,0,0.4643,0.1796,,,,,242,74
grignard_sébastien,Lotto Dstny,-0.09843,-0.0937,-0.3147,0.1152,0,0.3772,0.3783,,,,,1228,312
grisel_matys,Lotto Dstny,-0.520892,-0.406,-0.766,0.5947,0,-0.5022,0.1577,,,,,480,16
hagen_carl_fredrik,Lotto Dstny,-0.619982,-0.462,-0.6901,-0.0185,1,0.5769,0.1254,,,,,431,122
hansen_adam,Lotto Dstny,-0.146599,-0.1364,-0.5422,0.4465,0,0.7171,0.244,,,,,667,169
holmes_matthew,Lotto Dstny,0.40029,0.4923,0.0137,1.1594,1,0.4187,0.2838,,,,,656,178
iversen_rasmus_byriel,Lotto Dstny,-0.160072,-0.1479,-0.6264,0.5721,0,0.5207,0.1155,,,,,438,61
janse_van_rensburg_reinardt,Lotto Dstny,0.196668,0.2173,-0.3873,1.3944,0,0.4935,0.3538,,,,,286,57
kluge_roger,Lotto Dstny,0.122302,0.1301,-0.2204,0.447,0,0.5464,0.3109,,,,,962,258
kockelmann_mathieu,Lotto Dstny,0.027307,0.0277,-0.5748,2.4188,0,0.2177,0.1197,,,,,235,17
kron_andreas,Lotto Dstny,0.142126,0.1527,-0.1693,0.6821,0,0.4777,0.3577,,,,,1021,232
lambrecht_bjorg,Lotto Dstny,0.544922,0.7245,-0.0179,2.8617,0,0.6107,0.2099,,,,,506,105
livyns_arjen,Lotto Dstny,0.278614,0.3213,0.0283,0.9137,1,0.343,0.2751,,,,,738,176
maes_nikolas,Lotto Dstny,0.320341,0.3776,-0.1258,0.9341,0,0.5302,0.2111,,,,,667,154
marczyński_tomasz,Lotto Dstny,0.061681,0.0636,-0.1686,0.4469,0,0.5246,0.2795,,,,,881,191
małecki_kamil,Lotto Dstny,-0.773037,-0.5384,-0.7672,-0.1027,1,0.3114,0.2793,,,,,490,70
menten_milan,Lotto Dstny,0.143506,0.1543,-0.1653,0.7321,0,0.4744,0.2539,,,,,738,189
mertz_rémy,Lotto Dstny,-0.049725,-0.0485,-0.4061,0.4485,0,0.373,0.2398,,,,,667,166
monfort_maxime,Lotto Dstny,0.392151,0.4802,0.0139,1.2388,1,0.5471,0.2296,,,,,506,149
moniquet_sylvain,Lotto Dstny,0.194461,0.2147,-0.1343,0.7376,0,0.5616,0.3754,,,,,1000,287
naesen_lawrence,Lotto Dstny,0.629244,0.8762,-0.0411,1.7863,0,0.449,0.2753,,,,,518,85
oldani_stefano,Lotto Dstny,-0.292812,-0.2538,-0.5366,0.2947,0,0.5419,0.0821,,,,,400,112
orins_robin,Lotto Dstny,-0.384144,-0.319,-0.7338,0.3669,0,0.2937,0.2462,,,,,738,25
paasschens_mathijs,Lotto Dstny,-0.255251,-0.2253,-0.4346,0.1567,0,0.154,0.2135,,,,,510,128
paulus_milan,Lotto Dstny,-0.375358,-0.313,-0.928,2.4367,0,0.4962,0.1627,,,,,258,15
poelvoorde_tars,Lotto Dstny,0.043853,0.0448,-0.4213,1.1225,0,0.005,0.1423,,,,,480,19
segaert_alec,Lotto Dstny,-0.230149,-0.2056,-0.4658,0.1178,0,0.2438,0.2908,,,,,742,123
sepúlveda_eduardo,Lotto Dstny,0.121558,0.1293,-0.191,0.656,0,0.5261,0.281,,,,,762,229
sieberg_marcel,Lotto Dstny,0.170481,0.1859,-0.4146,1.2045,0,0.4944,0.2186,,,,,242,69
slock_liam,Lotto Dstny,-0.152335,-0.1413,-0.4295,0.2938,0,0.4204,0.2594,,,,,738,153
taminiaux_lionel,Lotto Dstny,-0.278202,-0.2429,-0.5333,0.0915,0,0.3185,0.1127,,,,,480,124
thijssen_gerben,Lotto Dstny,-0.039751,-0.039,-0.522,0.7093,0,0.5047,0.2383,,,,,897,83
van_de_paar_jarne,Lotto Dstny,0.558987,0.7489,0.1079,1.5937,1,0.0825,0.2624,,,,,738,43
van_de_wynkele_lorenz,Lotto Dstny,0.212033,0.2362,-0.1859,1.057,0,0.2121,0.2777,,,,,738,61
van_eetvelt_lennert,Lotto Dstny,0.055284,0.0568,-0.3414,0.789,0,0.5499,0.2659,,,,,738,132
van_goethem_brian,Lotto Dstny,0.05347,0.0549,-0.3997,0.6602,0,0.3681,0.1664,,,,,425,87
van_moer_brent,Lotto Dstny,0.032381,0.0329,-0.1562,0.3624,0,0.4779,0.3607,,,,,1653,392
vandenabeele_henri,Lotto Dstny,-0.058173,-0.0565,-0.4625,0.6444,0,0.2974,0.1686,,,,,480,71
vaneeckhoutte_victor,Lotto Dstny,0.047903,0.0491,-0.631,1.7793,0,0.1813,0.1344,,,,,228,10
vanendert_jelle,Lotto Dstny,0.292837,0.3402,-0.1325,0.8474,0,0.4825,0.2366,,,,,506,135
vanhoucke_harm,Lotto Dstny,-0.075599,-0.0728,-0.2479,0.1436,0,0.4577,0.357,,,,,1673,343
veistroffer_baptiste,Lotto Dstny,0.390396,0.4776,-0.4024,1.7944,0,0.4665,0.1044,,,,,228,60
verschaeve_viktor,Lotto Dstny,0.168666,0.1837,-0.3025,1.0574,0,0.2537,0.34,,,,,748,66
vervloesem_xandres,Lotto Dstny,-0.16454,-0.1517,-0.4581,0.446,0,0.17,0.3305,,,,,490,47
wallays_jelle,Lotto Dstny,0.440652,0.5537,0.0701,1.2452,1,0.4631,0.2298,,,,,683,131
widar_jarno,Lotto Dstny,-0.673153,-0.4899,-0.8249,-0.0079,1,0.1754,0.1645,,,,,480,10
wouters_enzo,Lotto Dstny,-0.363357,-0.3047,-0.5893,0.2777,0,0.4725,0.242,,,,,506,102
bagdonas_gediminas,Decathlon AG2R,0.096486,0.1013,-0.1566,0.6517,0,0.4525,0.4389,,,,,552,119
bakelants_jan,Decathlon AG2R,-0.297349,-0.2572,-0.6625,0.4371,0,-0.0195,0.3099,,,,,263,31
barbier_rudy,Decathlon AG2R,0.085708,0.0895,-0.4775,0.9335,0,0.3703,0.3489,,,,,263,51
bardet_romain,Decathlon AG2R,0.732524,1.0803,0.2383,1.9572,1,0.6372,0.3614,,,,,715,154
berthet_clément,Decathlon AG2R,0.426445,0.5318,0.1568,1.294,1,0.5581,0.3298,,,,,1294,253
bidard_françois,Decathlon AG2R,-0.382972,-0.3182,-0.5116,-0.0586,1,0.5745,0.4372,,,,,958,230
bisiaux_léo,Decathlon AG2R,0.350642,0.42,-0.1975,1.9053,0,0.4877,0.0703,,,,,515,53
blaise_arthur,Decathlon AG2R,0.273939,0.3151,-0.488,2.0937,0,-0.6186,0.0546,,,,,515,17
boasson_hagen_edvald,Decathlon AG2R,0.202601,0.2246,-0.4371,1.627,0,0.4061,-0.0526,,,,,259,44
bonnamour_franck,Decathlon AG2R,-0.625915,-0.4652,-0.7671,0.0386,0,0.4671,0.1479,,,,,514,43
bouchard_geoffrey,Decathlon AG2R,-0.309367,-0.2661,-0.3788,-0.0844,1,0.4539,0.3921,,,,,1998,385
calmejane_lilian,Decathlon AG2R,0.409393,0.5059,-0.0808,1.2439,0,0.5585,0.4294,,,,,524,119
chamberlain_oscar,Decathlon AG2R,-0.104045,-0.0988,-0.6056,0.6226,0,0.3685,0.0548,,,,,515,53
champoussin_clément,Decathlon AG2R,0.350117,0.4192,0.0391,1.1039,1,0.513,0.4769,,,,,1249,171
cherel_mikaël,Decathlon AG2R,0.323133,0.3814,0.0638,0.7621,1,0.5691,0.4545,,,,,1483,368
chevrier_clément,Decathlon AG2R,0.322259,0.3802,-0.1229,1.154,0,0.3961,0.3948,,,,,725,134
cosnefroy_benoît,Decathlon AG2R,0.09456,0.0992,-0.1478,0.3631,0,0.5071,0.3784,,,,,2068,451
de_bondt_dries,Decathlon AG2R,-0.859891,-0.5768,-0.7532,-0.3107,1,0.6476,0.1387,,,,,515,130
de_pestel_sander,Decathlon AG2R,-0.276565,-0.2416,-0.5323,0.2498,0,0.5085,0.0891,,,,,515,117
delphis_thomas,Decathlon AG2R,-1.229288,-0.7075,-0.9007,-0.0658,1,0.2285,0.3869,,,,,551,13
dillier_silvan,Decathlon AG2R,-0.304357,-0.2624,-0.5339,0.2045,0,0.5995,0.3485,,,,,768,174
domont_axel,Decathlon AG2R,-0.178918,-0.1638,-0.3821,0.3659,0,0.3553,0.3724,,,,,704,110
dumoulin_samuel,Decathlon AG2R,0.40357,0.4972,-0.0912,1.2247,0,0.4663,0.4113,,,,,540,85
dupont_hubert,Decathlon AG2R,0.352436,0.4225,-0.1965,1.4972,0,0.678,0.404,,,,,529,138
duval_julien,Decathlon AG2R,0.06964,0.0721,-0.1502,0.4682,0,0.4458,0.459,,,,,979,234
frank_mathias,Decathlon AG2R,-0.097127,-0.0926,-0.385,0.3369,0,0.6231,0.4357,,,,,981,199
gall_felix,Decathlon AG2R,-0.239904,-0.2133,-0.4652,0.138,0,0.5924,0.2445,,,,,1056,269
gastauer_ben,Decathlon AG2R,0.051128,0.0525,-0.2537,0.4351,0,0.4773,0.441,,,,,974,208
gautherat_pierre,Decathlon AG2R,0.018225,0.0184,-0.2996,0.34,0,0.3908,0.2492,,,,,1040,148
gautier_cyril,Decathlon AG2R,0.375772,0.4561,-0.3621,1.9818,0,0.3226,0.2498,,,,,263,51
geniez_alexandre,Decathlon AG2R,-0.034631,-0.034,-0.3317,0.3689,0,0.4237,0.328,,,,,715,120
godon_dorian,Decathlon AG2R,0.253058,0.288,0.0209,0.6848,1,0.4584,0.3667,,,,,1745,437
gougeard_alexis,Decathlon AG2R,-0.137559,-0.1285,-0.3294,0.1185,0,0.4033,0.4369,,,,,969,235
gudmestad_tord,Decathlon AG2R,-1.074896,-0.6587,-0.8209,-0.2751,1,0.5703,-0.0782,,,,,266,60
haugland_kasper,Decathlon AG2R,1.238277,2.4497,0.1456,9.3067,1,0.4291,-0.0689,,,,,266,19
hänninen_jaakko,Decathlon AG2R,0.325973,0.3854,0.0699,0.8259,1,0.4142,0.4157,,,,,1479,257
isidore_noa,Decathlon AG2R,0.885446,1.4241,0.4275,3.5668,1,0.4987,0.1206,,,,,515,57
jauregui_quentin,Decathlon AG2R,0.287436,0.333,-0.056,0.8417,0,0.4614,0.3511,,,,,704,175
jullien_anthony,Decathlon AG2R,0.985516,1.6792,0.6083,3.4057,1,0.3703,0.4951,,,,,965,69
l'hote_antoine,Decathlon AG2R,0.402784,0.496,-0.391,3.3682,0,-0.0245,0.0385,,,,,515,11
labrosse_jordan,Decathlon AG2R,0.35465,0.4257,-0.0114,1.2537,0,0.3445,0.1096,,,,,770,128
lafay_victor,Decathlon AG2R,-0.436552,-0.3537,-0.6579,0.2323,0,0.542,0.0963,,,,,515,71
lapeira_paul,Decathlon AG2R,0.336815,0.4005,0.0302,0.9138,1,0.3905,0.2685,,,,,1321,232
latour_pierre,Decathlon AG2R,0.22016,0.2463,-0.2305,1.0585,0,0.5918,0.3834,,,,,725,147
montaguti_matteo,Decathlon AG2R,0.352531,0.4227,-0.3279,1.7534,0,0.3271,0.1928,,,,,304,56
naesen_oliver,Decathlon AG2R,-0.183859,-0.1679,-0.3292,0.0252,0,0.6315,0.3863,,,,,2014,553
o'connor_ben,Decathlon AG2R,-0.299498,-0.2588,-0.5487,0.0988,0,0.7273,0.2944,,,,,1040,256
paret-peintre_aurélien,Decathlon AG2R,0.110299,0.1166,-0.0877,0.3762,0,0.4452,0.3874,,,,,2034,467
pedersen_rasmus_søjberg,Decathlon AG2R,0.424855,0.5294,-0.2402,1.9137,0,0.3542,0.0551,,,,,537,46
peters_nans,Decathlon AG2R,0.055261,0.0568,-0.1107,0.2436,0,0.432,0.3818,,,,,2025,538
pollefliet_gianluca,Decathlon AG2R,-0.78472,-0.5438,-0.7616,-0.2379,1,0.4744,0.076,,,,,515,69
prodhomme_nicolas,Decathlon AG2R,0.020481,0.0207,-0.1877,0.343,0,0.5106,0.3566,,,,,1561,353
raugel_antoine,Decathlon AG2R,-0.052137,-0.0508,-0.3841,0.4832,0,0.4867,0.3026,,,,,700,107
retailleau_valentin,Decathlon AG2R,0.02958,0.03,-0.3039,0.3872,0,0.2234,0.329,,,,,1075,131
schär_michael,Decathlon AG2R,-0.156714,-0.1451,-0.3783,0.1988,0,0.4245,0.3149,,,,,857,170
scotson_callum,Decathlon AG2R,0.594724,0.8125,-0.4268,2.2156,0,0.7782,-0.0102,,,,,266,77
tanfield_harry,Decathlon AG2R,-1.072426,-0.6578,-0.8971,-0.0523,1,0.4224,0.0457,,,,,175,25
touzé_damien,Decathlon AG2R,0.115337,0.1223,-0.228,0.4509,0,0.5414,0.3447,,,,,1038,220
tronchon_bastien,Decathlon AG2R,-0.221075,-0.1983,-0.4451,0.1543,0,0.4778,0.238,,,,,1050,195
van_avermaet_greg,Decathlon AG2R,-0.268183,-0.2352,-0.4924,0.0592,0,0.5253,0.3377,,,,,785,210
vandenbergh_stijn,Decathlon AG2R,-0.282421,-0.246,-0.4849,0.0981,0,0.5376,0.3884,,,,,704,171
vendrame_andrea,Decathlon AG2R,0.16593,0.1805,-0.0648,0.4839,0,0.445,0.3341,,,,,1493,400
venturini_clément,Decathlon AG2R,-0.132625,-0.1242,-0.2825,0.089,0,0.4255,0.4469,,,,,1483,356
verschuren_killian,Decathlon AG2R,0.274716,0.3162,-0.2802,1.8077,0,0.3885,0.1513,,,,,520,29
vuillermoz_alexis,Decathlon AG2R,0.138961,0.1491,-0.3102,0.966,0,0.6029,0.4037,,,,,704,142
warbasse_larry,Decathlon AG2R,0.063302,0.0653,-0.1393,0.4194,0,0.5566,0.3834,,,,,1507,383
aranburu_alex,Astana Qazaqstan,1.265641,2.5454,0.8973,5.4381,1,0.5715,0.1168,,,,,398,115
basset_pierre-henry,Astana Qazaqstan,-0.685407,-0.4961,-0.8397,0.2748,0,0.405,0.1119,,,,,317,18
bilbao_pello,Astana Qazaqstan,-0.224682,-0.2012,-0.5442,0.3123,0,0.7394,0.1414,,,,,529,157
bizhigitov_zhandos,Astana Qazaqstan,0.263343,0.3013,-0.1261,0.8825,0,0.4973,0.1364,,,,,707,144
boaro_manuele,Astana Qazaqstan,-0.110348,-0.1045,-0.2946,0.1688,0,0.4071,0.2269,,,,,1195,268
bohórquez_hernando,Astana Qazaqstan,-0.634305,-0.4697,-0.706,0.021,0,0.4203,0.1132,,,,,429,49
bol_cees,Astana Qazaqstan,0.2156,0.2406,-0.1629,0.8672,0,0.5169,0.1489,,,,,884,208
brussenskiy_gleb,Astana Qazaqstan,-0.091452,-0.0874,-0.3326,0.3155,0,0.4137,0.1821,,,,,1045,134
charmig_anthon,Astana Qazaqstan,0.05097,0.0523,-0.3603,0.4834,0,0.3263,0.1477,,,,,605,106
chernetski_sergei,Astana Qazaqstan,0.53763,0.7119,-0.1815,2.8619,0,0.5838,0.0389,,,,,314,66
chzhan_igor,Astana Qazaqstan,0.056704,0.0583,-0.3353,0.822,0,0.341,0.1162,,,,,822,85
contreras_rodrigo,Astana Qazaqstan,-0.482302,-0.3826,-0.5997,-0.0402,1,0.5773,0.209,,,,,658,129
de_vreese_laurens,Astana Qazaqstan,-0.33484,-0.2845,-0.5738,0.0973,0,0.5462,0.1767,,,,,717,151
delle_vedove_alessio,Astana Qazaqstan,-0.635992,-0.4706,-0.7875,0.143,0,0.3652,0.2065,,,,,317,20
fedorov_yevgeniy,Astana Qazaqstan,0.214609,0.2394,-0.0104,0.6658,0,0.4795,0.2484,,,,,1375,274
fominykh_daniil,Astana Qazaqstan,0.089973,0.0941,-0.3555,0.6426,0,0.5904,0.1587,,,,,707,143
fortunato_lorenzo,Astana Qazaqstan,0.402168,0.4951,-0.1456,2.0107,0,0.7934,0.114,,,,,599,162
fuglsang_jakob,Astana Qazaqstan,0.298005,0.3472,-0.1384,0.8798,0,0.6374,0.1974,,,,,963,233
gate_aaron,Astana Qazaqstan,0.103451,0.109,-0.3936,1.1429,0,0.4555,0.0799,,,,,317,77
gazzoli_michele,Astana Qazaqstan,0.092776,0.0972,-0.2231,0.5282,0,0.3467,0.2419,,,,,1112,157
gidich_yevgeniy,Astana Qazaqstan,-0.131214,-0.123,-0.3038,0.1016,0,0.4998,0.1951,,,,,1759,328
gonov_lev,Astana Qazaqstan,0.41368,0.5124,-0.2559,2.0855,0,0.5114,0.195,,,,,317,39
grivko_andrey,Astana Qazaqstan,-0.26715,-0.2344,-0.6493,0.6657,0,0.4639,0.0843,,,,,272,58
gruzdev_dmitriy,Astana Qazaqstan,0.044839,0.0459,-0.1918,0.4508,0,0.4789,0.1905,,,,,1764,354
hansen_jesper,Astana Qazaqstan,0.666382,0.9472,-0.609,8.6296,0,0.8166,0.0156,,,,,280,59
houle_hugo,Astana Qazaqstan,0.482393,0.6199,0.1254,1.5509,1,0.5045,0.1792,,,,,943,247
izagirre_gorka,Astana Qazaqstan,0.343485,0.4099,-0.1515,0.9917,0,0.6279,0.2018,,,,,670,213
izagirre_ion,Astana Qazaqstan,0.339028,0.4036,-0.142,1.2535,0,0.7071,0.1789,,,,,670,203
kajamini_florian_samuel,Astana Qazaqstan,-0.831689,-0.5647,-0.7359,-0.1735,1,0.2211,0.1379,,,,,317,47
kanter_max,Astana Qazaqstan,-0.279558,-0.2439,-0.5165,0.1616,0,0.4378,0.0988,,,,,594,131
korsæth_truls_engen,Astana Qazaqstan,0.321527,0.3792,-0.3342,2.2695,0,0.3759,-0.0255,,,,,260,23
kozhatayev_bakhtiyar,Astana Qazaqstan,0.057616,0.0593,-0.4619,1.2379,0,0.3553,0.0468,,,,,260,43
kuzmin_anton,Astana Qazaqstan,-0.005225,-0.0052,-0.3417,0.4775,0,0.5738,0.1306,,,,,609,135
laptev_savelii,Astana Qazaqstan,1.275381,2.5801,-1.0,3.5796,0,0.6882,0.0649,,,,,549,12
lopez_carlos_juan,Astana Qazaqstan,-1.047664,-0.6492,-0.8823,0.1489,0,0.1931,0.0171,,,,,246,10
lutsenko_alexey,Astana Qazaqstan,0.254868,0.2903,0.0472,0.6116,1,0.5286,0.2125,,,,,1768,444
lópez_harold_martín,Astana Qazaqstan,0.097647,0.1026,-0.1878,0.4467,0,0.5242,0.2425,,,,,1132,173
lópez_miguel_ángel,Astana Qazaqstan,-0.310607,-0.267,-0.5117,-0.006,1,0.6553,0.2163,,,,,953,239
malucelli_matteo,Astana Qazaqstan,0.515585,0.6746,-0.0935,2.0712,0,0.3774,0.1942,,,,,317,52
marukhin_daniil,Astana Qazaqstan,-0.386068,-0.3203,-0.6001,0.1427,0,0.1592,0.1381,,,,,601,53
minali_riccardo,Astana Qazaqstan,0.000356,0.0004,-0.5469,0.9555,0,0.5664,-0.0505,,,,,301,63
moser_moreno,Astana Qazaqstan,-0.362553,-0.3041,-0.6954,0.5632,0,0.4125,-0.0086,,,,,301,41
mulubrhan_henok,Astana Qazaqstan,-0.238018,-0.2118,-0.5607,0.205,0,0.5481,0.1642,,,,,641,134
natarov_yuriy,Astana Qazaqstan,-0.053497,-0.0521,-0.3366,0.3136,0,0.5935,0.223,,,,,1205,242
negrente_mattia,Astana Qazaqstan,0.193451,0.2134,-0.3087,1.5067,0,-0.2184,0.1433,,,,,594,24
nurlykhassym_nurbergen,Astana Qazaqstan,-0.194483,-0.1767,-0.5788,0.9659,0,0.5028,0.1192,,,,,518,59
perry_benjamin,Astana Qazaqstan,-0.00342,-0.0034,-0.5789,0.9953,0,-0.1124,-0.0823,,,,,241,27
pronskiy_vadim,Astana Qazaqstan,0.039339,0.0401,-0.2222,0.3489,0,0.5757,0.2001,,,,,1478,289
romele_alessandro,Astana Qazaqstan,-0.30141,-0.2602,-0.5412,0.2127,0,0.274,0.0572,,,,,594,63
romo_javier,Astana Qazaqstan,-0.133815,-0.1252,-0.3376,0.1078,0,0.2631,0.2034,,,,,747,116
scaroni_christian,Astana Qazaqstan,0.499419,0.6478,0.1826,1.2231,1,0.4599,0.2909,,,,,1151,224
smirnov_ivan,Astana Qazaqstan,-0.26886,-0.2357,-0.6578,0.6527,0,0.2421,0.1735,,,,,594,31
stalnov_nikita,Astana Qazaqstan,-0.102401,-0.0973,-0.3731,0.1404,0,0.4764,0.2102,,,,,923,175
su_haoyu,Astana Qazaqstan,-0.32441,-0.277,-0.6155,0.2349,0,0.1143,0.1359,,,,,317,35
syritsa_gleb,Astana Qazaqstan,-0.163032,-0.1504,-0.3786,0.201,0,0.5269,0.2529,,,,,1112,183
sánchez_luis_león,Astana Qazaqstan,0.104188,0.1098,-0.1261,0.4317,0,0.5076,0.1907,,,,,1199,401
tejada_harold,Astana Qazaqstan,-0.071388,-0.0689,-0.2776,0.1949,0,0.6321,0.2751,,,,,1553,387
tleubayev_ruslan,Astana Qazaqstan,-0.060313,-0.0585,-0.5834,0.7548,0,0.4802,-0.0131,,,,,260,41
toneatti_davide,Astana Qazaqstan,-0.188348,-0.1717,-0.5303,0.4651,0,0.3637,0.2547,,,,,864,51
umba_santiago,Astana Qazaqstan,-0.058401,-0.0567,-0.4856,0.612,0,0.4741,0.1654,,,,,594,79
van_bekkum_darren,Astana Qazaqstan,-0.090011,-0.0861,-0.5859,0.7387,0,0.1165,0.1045,,,,,317,35
velasco_simone,Astana Qazaqstan,0.697783,1.0093,0.4268,1.7988,1,0.6401,0.2222,,,,,1162,280
villella_davide,Astana Qazaqstan,-0.072794,-0.0702,-0.4124,0.5116,0,0.5802,0.1393,,,,,558,153
vinokurov_alexandr,Astana Qazaqstan,-0.882311,-0.5862,-0.8564,0.1959,0,0.8278,0.2538,,,,,1125,31
vinokurov_nicolas,Astana Qazaqstan,-0.71114,-0.5089,-0.6805,-0.1506,1,0.6637,0.2684,,,,,1125,145
wang_gustav,Astana Qazaqstan,0.213991,0.2386,-0.4712,1.6532,0,0.3237,0.1438,,,,,328,25
zakharov_artyom,Astana Qazaqstan,-0.198629,-0.1801,-0.3612,0.0762,0,0.549,0.2315,,,,,1442,131
zanini_simone,Astana Qazaqstan,0.281756,0.3255,-0.3442,1.5229,0,-0.0998,0.0854,,,,,594,21
zeits_andrey,Astana Qazaqstan,0.076275,0.0793,-0.2188,0.3851,0,0.5147,0.2098,,,,,1058,259
andresen_tobias_lund,Team dsm-firmenich,0.088927,0.093,-0.1744,0.664,0,0.4365,0.2239,,,,,1084,165
arndt_nikias,Team dsm-firmenich,0.329537,0.3903,0.0433,0.9561,1,0.5834,0.2097,,,,,1196,297
barguil_warren,Team dsm-firmenich,0.821573,1.2741,-0.7797,10.5128,0,0.8533,-0.0262,,,,,289,59
bauhaus_phil,Team dsm-firmenich,0.421787,0.5247,-0.4366,3.1239,0,0.5295,-0.054,,,,,225,47
bevin_patrick,Team dsm-firmenich,0.117649,0.1248,-0.3731,1.1954,0,0.2756,0.0322,,,,,553,39
bittner_pavel,Team dsm-firmenich,0.290824,0.3375,0.0189,1.0522,1,0.4511,0.1397,,,,,1055,171
brenner_marco,Team dsm-firmenich,-0.275512,-0.2408,-0.487,0.0205,0,0.5451,0.208,,,,,762,148
combaud_romain,Team dsm-firmenich,0.159653,0.1731,-0.1043,0.5354,0,0.5017,0.1599,,,,,1051,243
curvers_roy,Team dsm-firmenich,0.33228,0.3941,-0.2021,1.2718,0,0.5937,0.1931,,,,,447,129
dainese_alberto,Team dsm-firmenich,-0.162551,-0.15,-0.4249,0.1568,0,0.5373,0.1442,,,,,960,250
dhondt_robbe,Team dsm-firmenich,-0.343243,-0.2905,-0.7699,0.3677,0,0.2723,0.0178,,,,,449,17
dinham_matthew,Team dsm-firmenich,0.359405,0.4325,-0.2556,1.4669,0,0.5439,-0.0743,,,,,555,72
donovan_mark,Team dsm-firmenich,-0.114172,-0.1079,-0.3901,0.3842,0,0.533,0.1684,,,,,647,142
dorussen_johan,Team dsm-firmenich,-0.268832,-0.2357,-0.7478,1.2306,0,-0.2311,-0.0741,,,,,289,19
eddy_patrick,Team dsm-firmenich,0.14579,0.157,-0.2271,1.0901,0,0.4696,0.0912,,,,,815,103
edmondson_alex,Team dsm-firmenich,0.165359,0.1798,-0.2762,1.281,0,0.5111,-0.0527,,,,,555,99
eekhoff_nils,Team dsm-firmenich,0.012367,0.0124,-0.2353,0.3151,0,0.4947,0.1941,,,,,1684,276
flynn_sean,Team dsm-firmenich,-0.061543,-0.0597,-0.4473,0.57,0,0.5669,-0.014,,,,,573,127
fröhlinger_johannes,Team dsm-firmenich,-0.017626,-0.0175,-0.4701,0.885,0,0.585,0.1497,,,,,447,133
geschke_simon,Team dsm-firmenich,0.561015,0.7524,-0.0563,2.7795,0,0.4284,0.0667,,,,,244,76
haga_chad,Team dsm-firmenich,0.263208,0.3011,-0.2112,1.4684,0,0.7518,0.1883,,,,,842,235
hamilton_chris,Team dsm-firmenich,0.253768,0.2889,-0.0146,0.6707,0,0.6122,0.1719,,,,,1670,505
heinschke_leon,Team dsm-firmenich,0.717537,1.0494,0.2343,2.5112,1,0.4776,0.1431,,,,,807,95
hvideberg_jonas_hem,Team dsm-firmenich,-0.133868,-0.1253,-0.4245,0.3072,0,0.5496,0.1422,,,,,537,124
koerdt_bjorn,Team dsm-firmenich,-1.108443,-0.6699,-0.9598,0.2254,0,0.7816,0.0378,,,,,289,22
kragh_andersen_asbjørn,Team dsm-firmenich,0.059983,0.0618,-0.2705,0.6941,0,0.4892,0.1826,,,,,882,107
källberg_axel,Team dsm-firmenich,-1.302779,-0.7282,-0.8805,-0.416,1,-0.4454,0.1012,,,,,815,10
leijnse_enzo,Team dsm-firmenich,0.085855,0.0896,-0.3731,0.7847,0,0.6899,0.1715,,,,,1051,130
leknessund_andreas,Team dsm-firmenich,0.063953,0.066,-0.2721,0.5234,0,0.4822,0.1478,,,,,785,162
matthews_michael,Team dsm-firmenich,1.136096,2.1146,0.8541,4.5647,1,0.5515,0.1495,,,,,600,123
mayrhofer_marius,Team dsm-firmenich,-0.205825,-0.186,-0.4529,0.1865,0,0.3918,0.1751,,,,,762,100
milesi_lorenzo,Team dsm-firmenich,0.245842,0.2787,-0.2565,1.0215,0,0.2752,0.0906,,,,,550,51
märkl_niklas,Team dsm-firmenich,0.065247,0.0674,-0.2028,0.3162,0,0.4457,0.1289,,,,,1223,244
naberman_tim,Team dsm-firmenich,-0.091665,-0.0876,-0.3569,0.2066,0,0.4619,0.1115,,,,,1200,198
nieuwenhuis_joris,Team dsm-firmenich,0.030288,0.0308,-0.2981,0.5738,0,0.5978,0.1536,,,,,874,180
onley_oscar,Team dsm-firmenich,0.002344,0.0023,-0.3876,0.4399,0,0.5006,0.1347,,,,,1060,141
peace_oliver,Team dsm-firmenich,-2.303585,-0.9001,-0.9717,-0.6603,1,0.5794,-0.1117,,,,,289,17
peatfield_benjamin,Team dsm-firmenich,0.367193,0.4437,-0.5801,2.9479,0,-0.2183,-0.0678,,,,,289,10
poole_max,Team dsm-firmenich,0.186229,0.2047,-0.2362,1.1803,0,0.6427,0.0864,,,,,815,133
power_robert,Team dsm-firmenich,0.307866,0.3605,-0.265,1.1543,0,0.5445,0.0686,,,,,371,106
ragilo_frank_aron,Team dsm-firmenich,0.120263,0.1278,-0.6399,2.6202,0,-0.5475,0.0001,,,,,449,10
roche_nicolas,Team dsm-firmenich,0.082228,0.0857,-0.2393,0.5666,0,0.5849,0.1116,,,,,619,143
rodenberg_frederik,Team dsm-firmenich,-0.268093,-0.2352,-0.5255,0.3932,0,0.2615,0.2022,,,,,422,29
salmon_martin,Team dsm-firmenich,0.117546,0.1247,-0.3474,0.8619,0,0.4593,0.0672,,,,,607,73
stamsnijder_tom,Team dsm-firmenich,0.389249,0.4759,-0.4369,2.6792,0,0.3275,0.0061,,,,,234,41
stork_florian,Team dsm-firmenich,-0.422318,-0.3445,-0.5077,-0.118,1,0.4308,0.1545,,,,,1133,182
sütterlin_jasha,Team dsm-firmenich,0.283292,0.3275,-0.3174,1.6633,0,0.508,-0.1019,,,,,402,77
ten_dam_laurens,Team dsm-firmenich,-0.372957,-0.3113,-0.7528,0.9334,0,0.7141,-0.05,,,,,225,77
tusveld_martijn,Team dsm-firmenich,-0.003207,-0.0032,-0.2127,0.3804,0,0.5699,0.2014,,,,,1659,391
van_den_broek_frank,Team dsm-firmenich,0.268517,0.308,-0.2834,1.743,0,0.6264,-0.0605,,,,,401,94
van_uden_casper,Team dsm-firmenich,0.038408,0.0392,-0.2484,0.5933,0,0.4132,0.1128,,,,,1200,154
vermaerke_kevin,Team dsm-firmenich,0.065091,0.0673,-0.1446,0.3422,0,0.4471,0.1628,,,,,1079,212
vlot_mees,Team dsm-firmenich,-0.943927,-0.6109,-0.8663,0.9156,0,0.0398,-0.1627,,,,,289,11
walscheid_max,Team dsm-firmenich,0.450114,0.5685,-0.1015,1.5115,0,0.615,0.1865,,,,,447,136
agnoli_valerio,Bahrain Victorious,-0.121043,-0.114,-0.5341,0.6148,0,0.6695,0.2399,,,,,475,115
arashiro_yukiya,Bahrain Victorious,0.232558,0.2618,-0.0326,0.6916,0,0.4506,0.2933,,,,,1562,315
bole_grega,Bahrain Victorious,0.285493,0.3304,-0.0541,1.1193,0,0.4825,0.2891,,,,,664,145
bonifazio_niccolò,Bahrain Victorious,0.117175,0.1243,-0.4379,1.3117,0,0.495,0.1537,,,,,283,60
borgo_alessandro,Bahrain Victorious,-0.376891,-0.314,-0.8236,0.8402,0,0.2246,-0.0953,,,,,250,14
božič_borut,Bahrain Victorious,-0.206061,-0.1862,-0.6668,0.9378,0,0.4277,0.1604,,,,,253,33
bruttomesso_alberto,Bahrain Victorious,0.071169,0.0738,-0.4859,1.0407,0,0.6681,0.0777,,,,,482,81
buitrago_santiago,Bahrain Victorious,0.021623,0.0219,-0.2443,0.3789,0,0.6317,0.2403,,,,,1289,351
buratti_nicolò,Bahrain Victorious,-0.053521,-0.0521,-0.4023,0.5336,0,0.636,0.1276,,,,,738,154
caruso_damiano,Bahrain Victorious,0.098302,0.1033,-0.1539,0.4079,0,0.5893,0.2602,,,,,1566,455
colbrelli_sonny,Bahrain Victorious,0.964775,1.6242,0.8464,3.1399,1,0.6658,0.3001,,,,,1137,258
davies_scott,Bahrain Victorious,-0.733471,-0.5198,-0.7705,0.114,0,0.5994,0.3135,,,,,367,32
ermakov_roman,Bahrain Victorious,-0.056419,-0.0549,-0.6313,1.1147,0,0.5222,-0.0931,,,,,250,65
eržen_žak,Bahrain Victorious,0.279229,0.3221,-0.4963,2.0222,0,0.356,-0.1102,,,,,250,35
eulálio_afonso,Bahrain Victorious,0.813125,1.2549,-0.1994,3.7436,0,0.6355,-0.1331,,,,,253,67
feng_chun_kai,Bahrain Victorious,0.094107,0.0987,-0.2543,0.6529,0,0.2854,0.3265,,,,,1042,62
garcía_cortina_iván,Bahrain Victorious,-0.077692,-0.0748,-0.3113,0.3571,0,0.5154,0.246,,,,,660,181
garosio_andrea,Bahrain Victorious,0.278609,0.3213,-0.4864,2.4855,0,0.7522,0.2752,,,,,475,74
gasparotto_enrico,Bahrain Victorious,1.26629,2.5477,-0.0027,8.8458,0,0.679,0.2145,,,,,242,59
govekar_matevž,Bahrain Victorious,0.247532,0.2809,-0.1322,0.8612,0,0.4489,0.1809,,,,,912,195
gradek_kamil,Bahrain Victorious,-0.221926,-0.199,-0.4868,0.2584,0,0.6298,0.1948,,,,,921,220
haig_jack,Bahrain Victorious,-0.431003,-0.3501,-0.5009,-0.0933,1,0.6106,0.1906,,,,,1101,304
haussler_heinrich,Bahrain Victorious,-0.18543,-0.1693,-0.4091,0.1176,0,0.5259,0.3324,,,,,1048,252
inkelaar_kevin,Bahrain Victorious,1.130225,2.0964,0.4617,5.9671,1,0.5992,0.2501,,,,,367,53
kepplinger_rainer,Bahrain Victorious,0.113585,0.1203,-0.2205,0.648,0,0.5544,0.1078,,,,,707,144
koren_kristijan,Bahrain Victorious,0.129386,0.1381,-0.3168,0.9933,0,0.5208,0.236,,,,,475,94
madan_ahmed,Bahrain Victorious,-0.035052,-0.0344,-0.5447,0.8138,0,0.5872,0.2066,,,,,851,36
miholjević_fran,Bahrain Victorious,-0.355067,-0.2989,-0.5055,0.033,0,0.5233,0.168,,,,,898,167
mohorič_matej,Bahrain Victorious,0.494389,0.6395,0.2065,1.1244,1,0.5637,0.2654,,,,,1787,494
mäder_gino,Bahrain Victorious,0.025423,0.0257,-0.3816,0.6517,0,0.5872,0.2244,,,,,645,163
navardauskas_ramūnas,Bahrain Victorious,-0.554418,-0.4256,-0.758,0.2041,0,0.5281,0.1784,,,,,252,55
pasqualon_andrea,Bahrain Victorious,0.278859,0.3216,-0.2322,1.0142,0,0.5835,0.1057,,,,,738,178
pellizotti_franco,Bahrain Victorious,1.257548,2.5168,-0.1288,13.311,0,0.7756,0.1492,,,,,283,75
per_david,Bahrain Victorious,-0.319437,-0.2734,-0.6745,0.7555,0,0.2502,0.1634,,,,,242,33
pernsteiner_hermann,Bahrain Victorious,0.180505,0.1978,-0.1097,0.5238,0,0.5496,0.3237,,,,,1274,341
pibernik_luka,Bahrain Victorious,0.129575,0.1383,-0.3174,0.8163,0,0.5247,0.2655,,,,,669,168
pickering_finlay,Bahrain Victorious,-0.712537,-0.5096,-0.7408,-0.16,1,0.6294,0.075,,,,,482,88
pozzovivo_domenico,Bahrain Victorious,0.890753,1.437,0.4465,3.798,1,0.6967,0.2299,,,,,516,133
price-pejtersen_johan,Bahrain Victorious,-0.311698,-0.2678,-0.546,0.354,0,0.6394,0.1799,,,,,673,114
rajović_dušan,Bahrain Victorious,0.446494,0.5628,-0.0778,1.7007,0,0.5408,0.1176,,,,,498,82
scott_cameron,Bahrain Victorious,0.437163,0.5483,-0.112,1.486,0,0.5258,0.1183,,,,,448,70
siutsou_kanstantsin,Bahrain Victorious,-0.330105,-0.2812,-0.7573,0.5853,0,0.5382,0.2214,,,,,242,24
skerl_daniel,Bahrain Victorious,-0.195718,-0.1778,-0.6253,0.7443,0,0.4458,-0.155,,,,,250,41
stannard_robert,Bahrain Victorious,0.438959,0.5511,-0.1863,1.6645,0,0.5704,0.0813,,,,,482,94
stockwell_oliver,Bahrain Victorious,0.270138,0.3101,-0.3295,1.6987,0,0.2572,-0.078,,,,,250,28
teuns_dylan,Bahrain Victorious,-0.363357,-0.3047,-0.5155,0.1076,0,0.6043,0.2906,,,,,818,243
træen_torstein,Bahrain Victorious,-0.225323,-0.2017,-0.6009,0.4597,0,0.6297,0.096,,,,,482,125
tu_sergio,Bahrain Victorious,-0.208602,-0.1883,-0.792,1.001,0,0.0294,0.0868,,,,,698,17
valls_rafael,Bahrain Victorious,-0.740931,-0.5233,-0.7069,-0.0316,1,0.5479,0.2806,,,,,367,53
van_der_meulen_max,Bahrain Victorious,-0.086683,-0.083,-0.6356,1.0491,0,0.5313,-0.0456,,,,,250,50
van_mechelen_vlad,Bahrain Victorious,-0.190378,-0.1734,-0.5691,0.4768,0,0.629,0.1034,,,,,482,69
visconti_giovanni,Bahrain Victorious,1.414445,3.1142,0.7107,9.6945,1,0.4836,0.0905,,,,,283,71
wang_meiyin,Bahrain Victorious,-0.25351,-0.2239,-0.5562,0.417,0,0.3498,0.2715,,,,,475,54
williams_stephen,Bahrain Victorious,0.217691,0.2432,-0.1574,0.7628,0,0.4654,0.3438,,,,,1066,112
wright_fred,Bahrain Victorious,0.149809,0.1616,-0.1216,0.7773,0,0.6948,0.2367,,,,,1346,367
zambanini_edoardo,Bahrain Victorious,0.200784,0.2224,-0.1626,0.8189,0,0.5926,0.1783,,,,,908,270
albasini_michael,Jayco AlUla,0.22779,0.2558,-0.1556,0.9176,0,0.4248,0.1817,,,,,658,143
bauer_jack,Jayco AlUla,0.071024,0.0736,-0.1647,0.4924,0,0.5414,0.2217,,,,,1082,281
berhe_welay_hagos,Jayco AlUla,-0.284313,-0.2475,-0.4889,0.1031,0,0.4166,0.1748,,,,,788,118
bewley_sam,Jayco AlUla,-0.006601,-0.0066,-0.2599,0.4192,0,0.3815,0.2459,,,,,1056,197
bookwalter_brent,Jayco AlUla,-0.22508,-0.2015,-0.5133,0.1591,0,0.4383,0.1187,,,,,574,112
chaves_brayan,Jayco AlUla,-0.081131,-0.0779,-0.8851,3.2241,0,0.7796,0.1344,,,,,230,12
colleoni_kevin,Jayco AlUla,-0.194052,-0.1764,-0.3749,0.2057,0,0.3677,0.2165,,,,,757,134
de_marchi_alessandro,Jayco AlUla,0.759393,1.137,0.4799,2.1824,1,0.6109,0.1954,,,,,788,188
de_pretto_davide,Jayco AlUla,0.168157,0.1831,-0.258,0.8547,0,0.5264,0.1982,,,,,794,127
donaldson_robert,Jayco AlUla,-0.299726,-0.259,-0.6297,0.2673,0,0.561,0.1201,,,,,272,60
double_paul,Jayco AlUla,-0.495135,-0.3905,-0.7661,0.6727,0,0.6227,0.0373,,,,,272,66
durbridge_luke,Jayco AlUla,0.073175,0.0759,-0.1526,0.3901,0,0.5282,0.272,,,,,1854,473
engelhardt_felix,Jayco AlUla,-0.127951,-0.1201,-0.3506,0.3215,0,0.4455,0.2011,,,,,828,217
foldager_anders,Jayco AlUla,0.00209,0.0021,-0.3297,0.4938,0,0.3809,0.1669,,,,,817,135
groves_kaden,Jayco AlUla,-0.256108,-0.2259,-0.4295,0.05,0,0.5008,0.2041,,,,,821,147
hatherly_alan,Jayco AlUla,-0.054652,-0.0532,-0.6424,1.5151,0,0.4262,0.0749,,,,,272,39
hayman_mathew,Jayco AlUla,0.281142,0.3246,-0.2805,1.2887,0,0.5315,0.1128,,,,,466,73
hepburn_michael,Jayco AlUla,-0.106405,-0.1009,-0.293,0.0845,0,0.4591,0.271,,,,,1839,462
howson_damien,Jayco AlUla,0.313989,0.3689,0.0718,0.7361,1,0.5457,0.2725,,,,,1063,291
impey_daryl,Jayco AlUla,0.376491,0.4572,-0.1244,1.1656,0,0.6774,0.1319,,,,,602,163
juul-jensen_christopher,Jayco AlUla,-0.06631,-0.0642,-0.2715,0.244,0,0.6012,0.287,,,,,1904,536
konychev_alexander,Jayco AlUla,0.084399,0.0881,-0.2933,0.7225,0,0.5404,0.1963,,,,,614,133
kreuziger_roman,Jayco AlUla,0.783823,1.1898,-0.1239,5.7969,0,0.5872,0.1041,,,,,237,64
krijnsen_jelte,Jayco AlUla,0.280149,0.3233,-0.2738,1.7905,0,0.1993,0.05,,,,,272,35
mckenzie_hamish,Jayco AlUla,-0.584066,-0.4424,-0.7564,0.1724,0,0.3931,0.1621,,,,,523,22
meyer_cameron,Jayco AlUla,-0.072722,-0.0701,-0.2993,0.3417,0,0.5523,0.236,,,,,1061,175
mezgec_luka,Jayco AlUla,0.175112,0.1914,-0.0591,0.5136,0,0.5374,0.2613,,,,,1908,533
nieve_mikel,Jayco AlUla,0.153319,0.1657,-0.2252,0.8174,0,0.7462,0.2022,,,,,816,249
o'brien_kelland,Jayco AlUla,0.052277,0.0537,-0.2184,0.3882,0,0.4781,0.2598,,,,,1236,217
peák_barnabás,Jayco AlUla,0.068731,0.0711,-0.294,0.6354,0,0.2676,0.1288,,,,,592,71
peña_jesús_david,Jayco AlUla,-0.086057,-0.0825,-0.4622,0.5044,0,0.4565,0.2312,,,,,769,99
porter_rudy,Jayco AlUla,-0.824412,-0.5615,-0.7463,-0.2217,1,0.5091,0.1521,,,,,526,78
quick_blake,Jayco AlUla,-0.487497,-0.3858,-0.5686,-0.0863,1,0.3353,0.2324,,,,,516,107
rafferty_adam,Jayco AlUla,0.222632,0.2494,-0.6621,8.3989,0,0.5461,0.0659,,,,,272,11
reinders_elmar,Jayco AlUla,0.020787,0.021,-0.3215,0.417,0,0.6384,0.2336,,,,,1063,232
schultz_nick,Jayco AlUla,0.026061,0.0264,-0.3307,0.4968,0,0.5067,0.223,,,,,832,228
smith_dion,Jayco AlUla,0.06813,0.0705,-0.2277,0.4204,0,0.4675,0.2234,,,,,846,214
stewart_campbell,Jayco AlUla,-0.099078,-0.0943,-0.3227,0.2504,0,0.3798,0.2069,,,,,1044,199
tuft_svein,Jayco AlUla,-0.071853,-0.0693,-0.6544,1.179,0,0.5067,0.1181,,,,,230,49
wiggins_ben,Jayco AlUla,-1.487844,-0.7741,-0.9027,-0.4725,1,0.0924,0.138,,,,,555,28
zana_filippo,Jayco AlUla,0.15129,0.1633,-0.2033,0.7365,0,0.5312,0.1651,,,,,798,196
abma_elmar,Intermarché - Wanty,-1.03244,-0.6439,-0.8578,-0.1251,1,0.0508,0.1968,,,,,289,14
aerts_thijs,Intermarché - Wanty,-0.215943,-0.1942,-0.5921,0.4377,0,-0.263,0.3222,,,,,556,13
antonini_simone,Intermarché - Wanty,-0.035152,-0.0345,-0.4926,0.9639,0,0.1831,0.3384,,,,,214,54
artz_huub,Intermarché - Wanty,-0.082051,-0.0788,-0.4469,0.4058,0,0.2625,0.3482,,,,,557,84
backaert_frederik,Intermarché - Wanty,-0.070208,-0.0678,-0.3624,0.2728,0,0.3008,0.419,,,,,460,172
barré_louis,Intermarché - Wanty,0.876802,1.4032,0.0506,3.3729,1,0.5574,0.1306,,,,,285,67
baugnies_jérôme,Intermarché - Wanty,0.240352,0.2717,-0.1796,0.7584,0,0.4157,0.3614,,,,,460,109
bellicaud_jeremy,Intermarché - Wanty,-0.102616,-0.0975,-0.3639,0.3919,0,0.1903,0.4277,,,,,353,71
bonneu_kamiel,Intermarché - Wanty,0.089294,0.0934,-0.4269,1.422,0,0.4749,0.142,,,,,281,72
braet_vito,Intermarché - Wanty,0.364542,0.4399,0.104,1.0876,1,0.3587,0.2959,,,,,549,156
busatto_francesco,Intermarché - Wanty,0.13924,0.1494,-0.1372,0.5728,0,0.3381,0.3017,,,,,837,150
claeys_dimitri,Intermarché - Wanty,-0.200353,-0.1816,-0.5641,0.4275,0,0.3108,0.3975,,,,,284,52
de_clercq_bart,Intermarché - Wanty,0.221175,0.2475,-0.2465,1.1877,0,0.208,0.07,,,,,246,62
de_decker_alfdan,Intermarché - Wanty,0.284565,0.3292,-0.0953,0.9779,0,0.0454,0.3237,,,,,570,68
de_gendt_aimé,Intermarché - Wanty,-0.146334,-0.1361,-0.3371,0.1055,0,0.3772,0.3881,,,,,1175,303
de_laat_jasper,Intermarché - Wanty,0.542259,0.7199,-0.2886,2.911,0,-0.0055,0.3615,,,,,214,20
de_plus_jasper,Intermarché - Wanty,-0.065481,-0.0634,-0.4982,0.8283,0,0.216,0.411,,,,,357,37
de_pooter_dries,Intermarché - Wanty,0.110265,0.1166,-0.2091,0.4709,0,0.3254,0.3572,,,,,1364,201
de_winter_ludwig,Intermarché - Wanty,-0.138854,-0.1296,-0.4307,0.2009,0,0.2413,0.3428,,,,,599,118
degand_thomas,Intermarché - Wanty,0.105278,0.111,-0.2644,0.46,0,0.396,0.3911,,,,,570,175
delacroix_théo,Intermarché - Wanty,-0.138871,-0.1297,-0.3688,0.2416,0,0.3592,0.4025,,,,,904,138
devriendt_tom,Intermarché - Wanty,-0.141882,-0.1323,-0.3274,0.0539,0,0.2572,0.4626,,,,,1097,263
dolven_halvor,Intermarché - Wanty,0.198583,0.2197,-0.388,1.4017,0,-0.0542,0.3467,,,,,549,15
doubey_fabien,Intermarché - Wanty,0.422985,0.5265,0.0144,1.0855,1,0.3521,0.3779,,,,,591,162
dupont_timothy,Intermarché - Wanty,0.205858,0.2286,-0.1502,0.7324,0,0.5081,0.4023,,,,,570,185
evans_alexander,Intermarché - Wanty,0.286812,0.3322,-0.2048,1.1536,0,-0.1147,0.3706,,,,,353,39
faure_prost_alexy,Intermarché - Wanty,-0.386312,-0.3204,-0.545,0.0022,0,0.2761,0.3242,,,,,837,83
girmay_biniam,Intermarché - Wanty,0.407976,0.5038,0.1758,0.912,1,0.4552,0.3691,,,,,1413,261
gualdi_simone,Intermarché - Wanty,1.191489,2.292,0.975,5.1376,1,0.004,0.3591,,,,,549,29
hannes_victor,Intermarché - Wanty,0.354902,0.426,-0.2108,1.446,0,-0.1612,0.3776,,,,,549,20
hermans_quinten,Intermarché - Wanty,-0.227217,-0.2033,-0.5538,0.296,0,0.4217,0.4592,,,,,641,92
huens_axel,Intermarché - Wanty,0.391563,0.4793,-0.4447,3.3128,0,0.084,0.1224,,,,,294,11
huys_laurens,Intermarché - Wanty,-0.222034,-0.1991,-0.4552,0.2003,0,0.4184,0.2797,,,,,572,137
imamura_shunsuke,Intermarché - Wanty,0.094757,0.0994,-0.7662,2.0454,0,-0.1509,0.1615,,,,,281,12
jarnet_maxime,Intermarché - Wanty,-0.052351,-0.051,-0.5304,1.1969,0,-0.6548,0.3733,,,,,243,12
kreder_wesley,Intermarché - Wanty,-0.115427,-0.109,-0.3264,0.2247,0,0.3628,0.4199,,,,,813,237
kuhn_kevin,Intermarché - Wanty,-1.173297,-0.6907,-0.8858,-0.2845,1,0.568,0.3122,,,,,556,28
kuypers_gerben,Intermarché - Wanty,-0.34389,-0.291,-0.5618,0.0711,0,0.4571,0.3106,,,,,837,87
lammertink_maurits,Intermarché - Wanty,0.801656,1.2292,0.1473,2.6864,1,0.1961,0.3628,,,,,353,53
marit_arne,Intermarché - Wanty,-0.175871,-0.1613,-0.3733,0.098,0,0.368,0.3551,,,,,837,214
mcnally_mark,Intermarché - Wanty,0.298526,0.3479,-0.4421,2.2218,0,0.5797,0.327,,,,,214,72
meintjes_louis,Intermarché - Wanty,-0.098329,-0.0936,-0.3643,0.1786,0,0.6889,0.3892,,,,,1375,362
meurisse_xandro,Intermarché - Wanty,0.013518,0.0136,-0.2957,0.3776,0,0.3873,0.3872,,,,,590,204
minnaard_marco,Intermarché - Wanty,-0.048791,-0.0476,-0.3914,0.3208,0,0.4013,0.3582,,,,,460,152
moonen_zeno,Intermarché - Wanty,-0.330297,-0.2813,-0.6017,0.5109,0,0.0289,0.3497,,,,,549,20
müller_tobias,Intermarché - Wanty,0.876393,1.4022,-0.1646,5.0289,0,-0.0985,0.129,,,,,281,14
offredo_yoann,Intermarché - Wanty,0.159264,0.1726,-0.1067,0.5896,0,0.2441,0.3883,,,,,570,137
page_hugo,Intermarché - Wanty,-0.117843,-0.1112,-0.2961,0.0967,0,0.4244,0.3437,,,,,1136,262
paquot_tom,Intermarché - Wanty,-0.304703,-0.2627,-0.476,-0.018,1,0.3945,0.2913,,,,,837,194
petit_adrien,Intermarché - Wanty,-0.062676,-0.0608,-0.2913,0.1854,0,0.3903,0.3481,,,,,1126,262
planckaert_baptiste,Intermarché - Wanty,0.043076,0.044,-0.1905,0.4359,0,0.2948,0.3683,,,,,1083,192
rex_laurenz,Intermarché - Wanty,0.546011,0.7264,0.1518,1.4015,1,0.4834,0.3208,,,,,842,189
rota_lorenzo,Intermarché - Wanty,0.113617,0.1203,-0.1739,0.4624,0,0.4535,0.3598,,,,,1438,318
taaramäe_rein,Intermarché - Wanty,-0.269875,-0.2365,-0.4106,-0.0042,1,0.546,0.3961,,,,,1099,294
trondsen_trond,Intermarché - Wanty,-0.293486,-0.2543,-0.5308,0.4931,0,0.1904,0.1576,,,,,246,21
vallée_boris,Intermarché - Wanty,-0.177777,-0.1629,-0.4031,0.1701,0,0.3709,0.3927,,,,,460,137
van_boven_luca,Intermarché - Wanty,-0.55747,-0.4273,-0.6847,0.2111,0,0.2913,0.0689,,,,,281,74
van_keirsbulck_guillaume,Intermarché - Wanty,-0.276877,-0.2419,-0.6556,0.5514,0,0.5991,0.4449,,,,,214,85
van_kessel_corné,Intermarché - Wanty,0.372193,0.4509,-0.2002,1.655,0,0.2313,0.4019,,,,,637,49
van_melsen_kévin,Intermarché - Wanty,0.004918,0.0049,-0.1928,0.2244,0,0.2766,0.4488,,,,,1097,286
van_sintmaartensdijk_roel,Intermarché - Wanty,0.240975,0.2725,-0.0305,0.8249,0,0.3906,0.3005,,,,,837,159
vanspeybrouck_pieter,Intermarché - Wanty,-0.103273,-0.0981,-0.2935,0.1808,0,0.3114,0.4285,,,,,813,242
vliegen_loïc,Intermarché - Wanty,0.099302,0.1044,-0.1237,0.4485,0,0.2989,0.3774,,,,,1187,278
zimmermann_georg,Intermarché - Wanty,0.272228,0.3129,0.0593,0.6452,1,0.4571,0.4059,,,,,1477,337
anderson_edward,Alpecin - Deceuninck,-0.004804,-0.0048,-0.574,1.0825,0,-0.1391,0.3936,,,,,385,12
ballerstedt_maurice,Alpecin - Deceuninck,0.137988,0.148,-0.2457,0.6554,0,0.4522,0.4138,,,,,810,158
bayer_tobias,Alpecin - Deceuninck,0.255772,0.2915,-0.0124,0.5628,0,0.4853,0.4457,,,,,1318,307
belmans_lennert,Alpecin - Deceuninck,0.513725,0.6715,-0.0589,2.208,0,0.2928,0.3891,,,,,807,35
bogna_alex,Alpecin - Deceuninck,-0.242027,-0.215,-0.591,0.5036,0,-0.1324,0.3857,,,,,810,22
bogusławski_marceli,Alpecin - Deceuninck,-0.234581,-0.2091,-0.6228,0.4818,0,-0.3296,0.417,,,,,588,24
debruyne_ramses,Alpecin - Deceuninck,0.161121,0.1748,-0.2176,0.7229,0,0.3011,0.3273,,,,,532,77
dehairs_simon,Alpecin - Deceuninck,-0.352031,-0.2967,-0.5427,0.0097,0,0.4191,0.4301,,,,,1293,136
del_grosso_tibor,Alpecin - Deceuninck,-0.039917,-0.0391,-0.4741,1.0233,0,0.5176,0.3203,,,,,540,69
gaze_samuel,Alpecin - Deceuninck,0.383754,0.4678,-0.0627,1.2049,0,0.255,0.4551,,,,,1275,74
ghys_robbe,Alpecin - Deceuninck,-0.212181,-0.1912,-0.4422,0.2183,0,0.3472,0.4104,,,,,807,122
hollmann_juri,Alpecin - Deceuninck,-0.001499,-0.0015,-0.4056,0.6055,0,0.3837,0.326,,,,,532,88
jans_roy,Alpecin - Deceuninck,-0.357725,-0.3007,-0.6381,0.3704,0,0.1381,0.3253,,,,,306,22
janssens_jimmy,Alpecin - Deceuninck,0.162662,0.1766,-0.0494,0.6163,0,0.4976,0.4363,,,,,1379,334
kielich_timo,Alpecin - Deceuninck,-0.337556,-0.2865,-0.4587,-0.0489,1,0.4492,0.3883,,,,,1159,191
kitzki_louis,Alpecin - Deceuninck,0.238304,0.2691,-0.4558,1.9431,0,0.0016,0.3194,,,,,532,18
krieger_alexander,Alpecin - Deceuninck,-0.048069,-0.0469,-0.3533,0.2723,0,0.5069,0.4357,,,,,894,193
leysen_senne,Alpecin - Deceuninck,-0.163438,-0.1508,-0.3406,0.1447,0,0.4169,0.4224,,,,,1116,292
mareczko_jakub,Alpecin - Deceuninck,-0.159667,-0.1476,-0.4822,0.5665,0,0.4913,0.3418,,,,,541,84
meeussen_witse,Alpecin - Deceuninck,-0.710198,-0.5085,-0.8446,1.2166,0,0.4005,0.3046,,,,,269,10
meisen_marcel,Alpecin - Deceuninck,0.132364,0.1415,-0.4954,1.3956,0,0.3848,0.3599,,,,,306,39
osborne_jason,Alpecin - Deceuninck,0.262027,0.2996,-0.1943,1.1677,0,0.622,0.3952,,,,,810,128
planckaert_edward,Alpecin - Deceuninck,0.006122,0.0061,-0.1699,0.3265,0,0.5336,0.4312,,,,,1293,327
plowright_jensen,Alpecin - Deceuninck,-0.030812,-0.0303,-0.3684,0.4038,0,0.5909,0.4108,,,,,807,149
ramsay_noah,Alpecin - Deceuninck,-0.150643,-0.1398,-0.662,0.7717,0,0.2924,0.296,,,,,263,23
richardson_alexandar,Alpecin - Deceuninck,-0.142204,-0.1326,-0.5764,0.8068,0,0.3429,0.2787,,,,,306,46
rickaert_jonas,Alpecin - Deceuninck,0.191501,0.2111,-0.0737,0.5972,0,0.5334,0.4227,,,,,1384,301
riesebeek_oscar,Alpecin - Deceuninck,0.15725,0.1703,-0.0285,0.5672,0,0.4165,0.4219,,,,,1311,289
roesems_siebe,Alpecin - Deceuninck,-0.299733,-0.259,-0.5469,0.4719,0,0.3476,0.4201,,,,,807,60
sbaragli_kristian,Alpecin - Deceuninck,0.055455,0.057,-0.2147,0.4005,0,0.4319,0.367,,,,,936,228
sentjens_sente,Alpecin - Deceuninck,-0.275881,-0.2411,-0.5448,0.3689,0,0.1087,0.333,,,,,532,35
sweeck_diether,Alpecin - Deceuninck,0.27633,0.3183,-0.2674,1.4415,0,-0.727,0.3383,,,,,306,13
sweeck_laurens,Alpecin - Deceuninck,-0.291144,-0.2526,-0.6384,0.749,0,-0.0378,0.3555,,,,,532,15
thwaites_scott,Alpecin - Deceuninck,-0.302436,-0.261,-0.5181,0.1517,0,0.3644,0.3516,,,,,577,120
uhlig_henri,Alpecin - Deceuninck,0.168509,0.1835,-0.1684,0.7326,0,0.3298,0.4005,,,,,1097,108
van_den_bossche_fabio,Alpecin - Deceuninck,-0.280206,-0.2444,-0.4156,-0.0325,1,0.3513,0.401,,,,,1073,222
van_der_poel_david,Alpecin - Deceuninck,0.248675,0.2823,-0.3004,1.4942,0,0.3083,0.3934,,,,,688,48
van_der_poel_mathieu,Alpecin - Deceuninck,0.521044,0.6838,0.2476,1.6383,1,0.5527,0.4198,,,,,1425,237
vandebosch_toon,Alpecin - Deceuninck,0.197204,0.218,-0.8261,3.2414,0,0.567,0.3699,,,,,694,20
vandeputte_niels,Alpecin - Deceuninck,0.47659,0.6106,-0.5922,3.698,0,0.4807,0.349,,,,,780,25
vergallito_luca,Alpecin - Deceuninck,0.206841,0.2298,-0.1897,0.6848,0,0.4657,0.4175,,,,,807,129
vermeersch_gianni,Alpecin - Deceuninck,0.250377,0.2845,0.0083,0.6254,1,0.4708,0.4383,,,,,1385,311
verstrynge_emiel,Alpecin - Deceuninck,0.532373,0.703,-0.0637,1.9852,0,0.6642,0.3976,,,,,1073,49
walsleben_philipp,Alpecin - Deceuninck,0.034014,0.0346,-0.554,0.7415,0,0.3156,0.3742,,,,,306,56
wyseure_joran,Alpecin - Deceuninck,-0.411168,-0.3371,-0.7014,0.2508,0,0.4641,0.4119,,,,,969,28
allegaert_piet,Cofidis,0.170977,0.1865,-0.0599,0.5604,0,0.4224,0.3098,,,,,1603,350
aniołkowski_stanisław,Cofidis,0.277623,0.32,-0.1978,0.8441,0,0.4523,0.2202,,,,,599,124
barceló_fernando,Cofidis,-0.207417,-0.1873,-0.5199,0.404,0,0.4211,0.1336,,,,,431,96
berhane_natnael,Cofidis,-0.134524,-0.1259,-0.367,0.1405,0,0.4388,0.2358,,,,,725,143
bonnafond_guillaume,Cofidis,0.345267,0.4124,-0.281,2.1728,0,0.4575,0.0969,,,,,221,36
bouhanni_nacer,Cofidis,0.069553,0.072,-0.2997,0.5717,0,0.2348,0.2643,,,,,470,98
carvalho_andré,Cofidis,0.433174,0.5421,0.1039,1.0421,1,0.2395,0.2582,,,,,861,140
champion_thomas,Cofidis,0.110836,0.1172,-0.1687,0.4394,0,0.4283,0.2814,,,,,1138,297
chetout_loïc,Cofidis,-0.164108,-0.1513,-0.4438,0.382,0,0.3669,0.2458,,,,,470,121
coppens_michiel,Cofidis,0.431772,0.54,-0.5834,4.6482,0,-0.1201,0.0803,,,,,287,10
coquard_bryan,Cofidis,0.316944,0.3729,0.0207,0.7522,1,0.3876,0.2512,,,,,1188,308
dati_tommaso,Cofidis,-0.590821,-0.4461,-0.7498,0.3401,0,-0.6628,0.1859,,,,,289,11
delettre_alexandre,Cofidis,-0.445756,-0.3597,-0.5452,0.012,0,0.2967,0.2032,,,,,596,137
edet_nicolas,Cofidis,0.229174,0.2576,-0.1162,0.8144,0,0.5927,0.3031,,,,,901,241
fernández_rubén,Cofidis,0.105276,0.111,-0.1413,0.4696,0,0.4873,0.2784,,,,,1138,293
ferron_valentin,Cofidis,0.08563,0.0894,-0.4161,1.157,0,0.026,0.1345,,,,,289,38
finé_eddy,Cofidis,-0.019192,-0.019,-0.2451,0.2821,0,0.3549,0.302,,,,,1873,233
fortin_filippo,Cofidis,-0.18892,-0.1721,-0.5421,0.3435,0,0.1822,0.1456,,,,,249,46
fretin_milan,Cofidis,0.059764,0.0616,-0.4131,0.5807,0,0.4182,0.2322,,,,,576,121
haas_nathan,Cofidis,0.236213,0.2664,-0.2897,1.0162,0,0.5445,0.113,,,,,434,99
hermans_ben,Cofidis,-0.168842,-0.1554,-0.5572,0.8343,0,0.1166,0.0142,,,,,287,55
herrada_jesús,Cofidis,0.161906,0.1757,-0.0363,0.4781,0,0.4882,0.3156,,,,,2103,577
herrada_josé,Cofidis,0.168738,0.1838,-0.0988,0.4892,0,0.4921,0.3062,,,,,1509,349
hofstetter_hugo,Cofidis,0.779906,1.1813,0.438,2.5699,1,0.4389,0.2141,,,,,481,104
huck_léandre,Cofidis,0.324856,0.3838,-0.5925,3.3446,0,0.3237,0.1606,,,,,289,17
izquierdo_clément,Cofidis,-0.123598,-0.1163,-0.4984,0.3707,0,0.2237,0.0856,,,,,289,59
larmet_ilan,Cofidis,0.17645,0.193,-0.3601,1.6019,0,-0.2906,0.1823,,,,,575,20
lastra_jonathan,Cofidis,0.186529,0.2051,-0.1687,0.6998,0,0.4629,0.2255,,,,,864,210
le_turnier_mathias,Cofidis,0.373367,0.4526,-0.0369,1.06,0,0.4474,0.2608,,,,,646,152
lebreton_jacques,Cofidis,-0.52849,-0.4105,-0.7904,0.4556,0,-0.3568,0.1084,,,,,255,11
lemoine_cyril,Cofidis,-0.370294,-0.3095,-0.5163,-0.0953,1,0.4083,0.2858,,,,,646,143
leyder_pit,Cofidis,-0.360893,-0.3029,-0.8101,2.0147,0,0.1917,0.1771,,,,,261,10
mahoudo_nolann,Cofidis,0.372783,0.4518,-0.0467,1.0974,0,0.311,0.2426,,,,,576,111
maisonobe_sam,Cofidis,-0.181655,-0.1661,-0.558,0.4811,0,0.2109,0.1609,,,,,289,66
mariault_axel,Cofidis,-0.199268,-0.1807,-0.5033,0.2672,0,0.2941,0.1954,,,,,575,92
mathis_marco,Cofidis,-0.230595,-0.2059,-0.5435,0.3145,0,0.383,0.0944,,,,,463,92
maté_luis_ángel,Cofidis,0.356126,0.4278,-0.1074,1.0168,0,0.5132,0.2456,,,,,646,161
meehan_jamie,Cofidis,-1.116679,-0.6726,-0.8623,-0.0945,1,-0.3822,0.1896,,,,,289,11
morin_emmanuel,Cofidis,-0.011553,-0.0115,-0.2901,0.3204,0,0.2915,0.2727,,,,,901,158
navarro_daniel,Cofidis,-0.797739,-0.5497,-0.7577,0.0547,0,0.6319,0.1413,,,,,221,65
noppe_christophe,Cofidis,-0.140411,-0.131,-0.4296,0.2291,0,0.4853,0.1937,,,,,575,96
ourselin_paul,Cofidis,0.074013,0.0768,-0.323,0.9371,0,0.1739,0.1448,,,,,289,61
perez_anthony,Cofidis,0.047438,0.0486,-0.1481,0.2803,0,0.4772,0.3352,,,,,2073,510
périchon_pierre-luc,Cofidis,0.065234,0.0674,-0.2486,0.4568,0,0.4953,0.2741,,,,,1302,322
renard_alexis,Cofidis,0.107654,0.1137,-0.2011,0.4423,0,0.4189,0.2637,,,,,1172,252
robeet_ludovic,Cofidis,0.344106,0.4107,-0.1685,1.1356,0,0.3925,0.2516,,,,,576,106
rossetto_stéphane,Cofidis,-0.222845,-0.1998,-0.5373,0.2133,0,0.5851,0.2746,,,,,646,172
sajnok_szymon,Cofidis,-0.304943,-0.2628,-0.5472,0.2846,0,0.3988,0.268,,,,,563,97
samitier_sergio,Cofidis,0.026425,0.0268,-0.3844,0.6932,0,0.5635,0.1521,,,,,289,84
simon_julien,Cofidis,-0.040961,-0.0401,-0.4546,0.5088,0,0.5711,0.2658,,,,,470,138
skaarseth_anders,Cofidis,-0.945422,-0.6115,-0.9043,1.0728,0,0.256,0.1013,,,,,221,11
soupe_geoffrey,Cofidis,0.059502,0.0613,-0.2395,0.7034,0,0.1726,0.211,,,,,470,104
teklehaimanot_daniel,Cofidis,-0.508343,-0.3985,-0.6625,0.1587,0,0.5605,0.1068,,,,,270,58
toumire_hugo,Cofidis,-0.364671,-0.3056,-0.4643,-0.0781,1,0.2783,0.2583,,,,,1454,228
turgis_anthony,Cofidis,-0.433737,-0.3519,-0.7212,0.3714,0,0.4603,-0.0258,,,,,232,70
turgis_jimmy,Cofidis,-0.070266,-0.0679,-0.5158,0.5048,0,0.1821,0.0981,,,,,221,49
van_staeyen_michael,Cofidis,0.540994,0.7177,-0.1336,2.2684,0,0.267,0.1321,,,,,221,47
vanbilsen_kenneth,Cofidis,-0.090016,-0.0861,-0.2938,0.1642,0,0.4538,0.3437,,,,,1209,250
viviani_attilio,Cofidis,-0.306677,-0.2641,-0.4602,0.149,0,0.4513,0.2114,,,,,709,116
waeytens_zico,Cofidis,0.08413,0.0878,-0.3425,1.161,0,0.1823,0.2055,,,,,249,56
wood_harrison,Cofidis,-0.175491,-0.161,-0.3836,0.3479,0,0.4877,0.2555,,,,,883,138
alba_juan_diego,Movistar Team,-0.327186,-0.2791,-0.6309,0.4425,0,0.3462,0.0585,,,,,384,55
anacona_winner,Movistar Team,0.272317,0.313,-0.1393,1.0366,0,0.4725,0.2093,,,,,497,140
arcas_jorge,Movistar Team,0.143317,0.1541,-0.069,0.3607,0,0.3748,0.2746,,,,,1907,494
aular_orluis,Movistar Team,-0.062874,-0.0609,-0.4909,0.865,0,0.574,-0.033,,,,,270,72
barrenetxea_jon,Movistar Team,-0.479102,-0.3807,-0.6538,0.0059,0,0.4847,-0.0099,,,,,519,125
bennati_daniele,Movistar Team,-0.413023,-0.3384,-0.6338,0.2495,0,0.5581,0.2186,,,,,486,86
betancur_carlos,Movistar Team,0.298672,0.3481,-0.1741,1.2876,0,0.5442,0.1928,,,,,647,128
bico_nuno,Movistar Team,-0.764954,-0.5346,-0.7717,0.0845,0,0.591,0.1982,,,,,241,52
canal_carlos,Movistar Team,1.064752,1.9001,0.5816,3.7677,1,0.5469,-0.0604,,,,,530,131
carretero_héctor,Movistar Team,-7.8e-05,-0.0001,-0.2695,0.3347,0,0.4951,0.2522,,,,,870,263
castillo_kevin_david,Movistar Team,-0.396176,-0.3271,-0.6671,1.373,0,0.0979,-0.0648,,,,,262,17
castrillo_jaime,Movistar Team,0.125336,0.1335,-0.1778,0.7506,0,0.5208,0.2088,,,,,486,106
castrillo_pablo,Movistar Team,-1.151078,-0.6837,-0.8366,-0.2854,1,0.6613,-0.0712,,,,,262,74
cepeda_jefferson_alveiro,Movistar Team,0.18139,0.1989,-0.333,1.2295,0,0.5306,-0.1378,,,,,267,67
cullaigh_gabriel,Movistar Team,0.04286,0.0438,-0.4038,0.8065,0,0.4382,0.1325,,,,,389,47
de_la_parte_víctor,Movistar Team,0.196803,0.2175,-0.2604,1.3769,0,0.4795,0.0733,,,,,253,79
elosegui_iñigo,Movistar Team,-0.10701,-0.1015,-0.434,0.2219,0,0.4109,0.2348,,,,,636,95
erviti_imanol,Movistar Team,0.512294,0.6691,0.3162,1.1976,1,0.6277,0.265,,,,,1405,421
gonzález_abner,Movistar Team,-0.49453,-0.3901,-0.6362,-0.0398,1,0.4942,0.2313,,,,,744,129
mas_lluís,Movistar Team,-0.072617,-0.07,-0.3072,0.2557,0,0.3232,0.2419,,,,,1158,255
mora_sebastián,Movistar Team,-0.02864,-0.0282,-0.4756,0.8577,0,0.3846,0.0656,,,,,384,65
moro_manlio,Movistar Team,0.430817,0.5385,-0.1488,1.5785,0,0.4403,-0.0174,,,,,519,94
oliveira_nelson,Movistar Team,0.289012,0.3351,0.0622,0.6554,1,0.5976,0.2832,,,,,1938,555
pedrero_antonio,Movistar Team,-0.0745,-0.0718,-0.2476,0.1712,0,0.4817,0.2778,,,,,1903,465
pescador_diego,Movistar Team,0.345188,0.4123,-0.3439,1.4648,0,0.4471,-0.0445,,,,,262,47
prades_eduard,Movistar Team,0.380814,0.4635,-0.2841,2.3486,0,0.5272,0.087,,,,,399,87
quintana_dayer,Movistar Team,-0.748682,-0.527,-0.7062,-0.2139,1,0.634,0.2426,,,,,241,81
quintana_nairo,Movistar Team,0.147442,0.1589,-0.2003,0.7315,0,0.6964,0.1535,,,,,1023,279
rangel_vinícius,Movistar Team,-0.393318,-0.3252,-0.5933,0.1037,0,0.429,0.2001,,,,,771,93
roelandts_jürgen,Movistar Team,0.121612,0.1293,-0.3228,0.6214,0,0.4638,0.142,,,,,399,83
rojas_josé_joaquín,Movistar Team,0.316387,0.3722,-0.0066,0.6414,0,0.4645,0.2726,,,,,1390,413
romeo_iván,Movistar Team,0.385711,0.4707,0.0187,1.3025,1,0.354,0.0287,,,,,792,154
rosón_jaime,Movistar Team,-0.638227,-0.4718,-0.7519,0.0697,0,0.5581,0.126,,,,,241,41
rubio_einer,Movistar Team,-0.057041,-0.0554,-0.2886,0.3442,0,0.5974,0.217,,,,,1428,354
serrano_gonzalo,Movistar Team,0.434951,0.5449,0.1674,1.0538,1,0.295,0.1886,,,,,1278,265
sunekær_norsgaard_mathias,Movistar Team,0.165789,0.1803,-0.1199,0.5107,0,0.3263,0.1717,,,,,1450,286
sánchez_pelayo,Movistar Team,-0.222319,-0.1993,-0.5588,0.3227,0,0.4506,0.0224,,,,,519,104
torres_albert,Movistar Team,-0.014876,-0.0148,-0.2549,0.2814,0,0.5291,0.2242,,,,,1417,308
valverde_alejandro,Movistar Team,0.87623,1.4018,0.7726,2.3963,1,0.6435,0.2527,,,,,1149,375
abrahamsen_jonas,Uno-X Mobility,-0.161982,-0.1495,-0.3085,0.0991,0,0.3631,0.2892,,,,,995,335
andersen_idar,Uno-X Mobility,0.272199,0.3128,-0.1061,0.7832,0,0.2946,0.2851,,,,,766,124
bendixen_louis,Uno-X Mobility,0.176757,0.1933,-0.2593,0.8488,0,0.2437,0.2184,,,,,410,83
blikra_erlend,Uno-X Mobility,-0.259085,-0.2282,-0.3826,0.1634,0,0.4419,0.29,,,,,972,189
blume_levy_william,Uno-X Mobility,-0.023956,-0.0237,-0.2968,0.3596,0,0.3885,0.2849,,,,,805,195
brynsrud_magnus,Uno-X Mobility,-0.677068,-0.4919,-0.7503,-0.0309,1,-0.2199,0.1744,,,,,384,13
bévort_carl-frederik,Uno-X Mobility,-0.378077,-0.3148,-0.5835,0.1522,0,0.4735,0.2489,,,,,625,57
dalby_simon,Uno-X Mobility,-0.25103,-0.222,-0.5467,0.0899,0,0.5138,0.3093,,,,,805,86
dversnes_lavik_fredrik,Uno-X Mobility,0.131587,0.1406,-0.092,0.6117,0,0.2997,0.2958,,,,,805,221
fredheim_stian,Uno-X Mobility,0.068558,0.071,-0.2284,0.4659,0,0.2809,0.283,,,,,814,159
hindsgaul_jacob,Uno-X Mobility,0.054514,0.056,-0.2301,0.4734,0,0.3219,0.2993,,,,,551,102
holter_ådne,Uno-X Mobility,0.222264,0.2489,-0.0774,0.7915,0,0.2574,0.3021,,,,,805,174
hulgaard_morten,Uno-X Mobility,-0.159215,-0.1472,-0.3931,0.2421,0,0.2003,0.2944,,,,,358,90
ingebrigtsen_storm,Uno-X Mobility,-0.174461,-0.1601,-0.7248,0.7794,0,0.3575,0.1561,,,,,215,10
johannessen_anders_halland,Uno-X Mobility,0.270958,0.3112,-0.0659,0.7076,0,0.3625,0.3013,,,,,936,195
johannessen_tobias_halland,Uno-X Mobility,0.610331,0.841,0.2935,1.582,1,0.5342,0.2819,,,,,965,233
kulset_johannes,Uno-X Mobility,-0.345127,-0.2919,-0.5002,0.073,0,0.4964,0.2611,,,,,625,139
kulset_kristian,Uno-X Mobility,-0.183313,-0.1675,-0.4253,0.322,0,0.3774,0.3049,,,,,347,72
kulset_magnus,Uno-X Mobility,-0.118101,-0.1114,-0.3505,0.2453,0,0.335,0.2837,,,,,805,108
kulset_sindre,Uno-X Mobility,0.144837,0.1559,-0.2779,0.9483,0,0.378,0.3113,,,,,757,67
larsen_niklas,Uno-X Mobility,0.226119,0.2537,-0.1014,0.7761,0,0.2055,0.27,,,,,768,117
løland_sakarias_koller,Uno-X Mobility,-0.103449,-0.0983,-0.3723,0.2582,0,0.4002,0.3029,,,,,936,105
norman_leth_lasse,Uno-X Mobility,0.217151,0.2425,-0.1798,0.8575,0,0.1944,0.2014,,,,,395,70
pedersen_henrik,Uno-X Mobility,-0.546254,-0.4209,-0.6796,0.1058,0,0.4591,0.1459,,,,,421,56
resell_erik_nordsæter,Uno-X Mobility,0.317936,0.3743,0.0665,0.8628,1,0.4379,0.3105,,,,,986,260
sander_hansen_marcus,Uno-X Mobility,-0.049851,-0.0486,-0.4329,0.6835,0,0.3331,0.2479,,,,,590,68
saugstad_lars,Uno-X Mobility,0.004283,0.0043,-0.3592,0.6364,0,0.3647,0.2742,,,,,347,75
skaarseth_iver,Uno-X Mobility,-0.46688,-0.373,-0.5656,-0.0561,1,0.2553,0.2288,,,,,347,59
sleen_torjus,Uno-X Mobility,0.428166,0.5344,-0.0552,1.1484,0,0.3436,0.283,,,,,347,71
tiller_rasmus,Uno-X Mobility,0.27059,0.3107,0.0448,0.8231,1,0.4738,0.3026,,,,,959,278
urianstad_bugge_martin,Uno-X Mobility,0.182073,0.1997,-0.0701,0.4896,0,0.1659,0.3087,,,,,983,256
wallin_rasmus_bøgh,Uno-X Mobility,0.362157,0.4364,-0.0794,1.489,0,0.2344,0.1174,,,,,421,83
wærenskjold_søren,Uno-X Mobility,0.430518,0.5381,0.1049,0.926,1,0.4022,0.2776,,,,,956,243
wærsted_syver,Uno-X Mobility,-0.103843,-0.0986,-0.3502,0.2893,0,0.0189,0.1389,,,,,353,92
årnes_daniel,Uno-X Mobility,-1.164367,-0.6879,-0.8459,-0.3143,1,0.0963,0.0293,,,,,206,16
biermans_jenthe,Arkéa,-0.070853,-0.0684,-0.3172,0.2895,0,0.3816,0.2088,,,,,862,185
boudat_thomas,Arkéa,-0.818693,-0.559,-0.7392,-0.2334,1,0.3217,0.15,,,,,354,87
bouet_maxime,Arkéa,0.142703,0.1534,-0.121,0.5618,0,0.4629,0.3991,,,,,1285,292
capiot_amaury,Arkéa,0.284653,0.3293,-0.0056,0.6547,0,0.3815,0.3315,,,,,1338,252
carbel_michael,Arkéa,0.354463,0.4254,-0.2667,1.2618,0,0.279,0.0983,,,,,203,46
costiou_ewen,Arkéa,-0.015633,-0.0155,-0.2766,0.2807,0,0.4168,0.3076,,,,,1129,191
daniel_maxime,Arkéa,-0.207938,-0.1877,-0.4775,0.1946,0,0.232,0.2644,,,,,394,97
dauphin_florian,Arkéa,0.284163,0.3286,-0.1722,1.0239,0,0.1413,0.2638,,,,,585,42
declercq_benjamin,Arkéa,0.126092,0.1344,-0.2189,0.79,0,0.167,0.3747,,,,,605,88
delaplace_anthony,Arkéa,0.237834,0.2685,0.0765,0.5505,1,0.3033,0.3522,,,,,1861,470
epis_giosuè,Arkéa,-0.468155,-0.3738,-0.6571,0.1201,0,0.5072,0.1433,,,,,576,72
fayolle_jean-loup,Arkéa,0.740139,1.0962,0.2968,2.7897,1,0.227,0.2531,,,,,576,35
feillu_brice,Arkéa,-0.289031,-0.251,-0.4562,0.0624,0,0.4993,0.3044,,,,,394,124
flórez_miguel_eduardo,Arkéa,-0.48483,-0.3842,-0.6367,0.1386,0,0.4059,0.3912,,,,,476,71
fonseca_armindo,Arkéa,0.218864,0.2447,-0.2551,1.0204,0,0.3522,0.2803,,,,,183,46
garcía_pierna_raúl,Arkéa,-0.040845,-0.04,-0.379,0.6905,0,0.6104,0.177,,,,,592,135
gesbert_élie,Arkéa,-0.055445,-0.0539,-0.2171,0.1498,0,0.4026,0.3639,,,,,1861,384
gillet_baptiste,Arkéa,-0.586629,-0.4438,-0.6363,-0.064,1,0.324,0.2136,,,,,862,58
gloux_swann,Arkéa,-0.29821,-0.2579,-0.7306,1.4917,0,0.1289,0.0586,,,,,277,13
grondin_donavan,Arkéa,-0.008859,-0.0088,-0.1772,0.3061,0,0.2389,0.3393,,,,,1467,277
guernalec_thibault,Arkéa,-0.100924,-0.096,-0.2942,0.0818,0,0.2862,0.3624,,,,,1877,394
guernalec_victor,Arkéa,0.275658,0.3174,-0.2201,1.2451,0,0.4281,0.1209,,,,,277,68
gérard_arnaud,Arkéa,-0.144094,-0.1342,-0.4307,0.2566,0,0.1575,0.3098,,,,,183,53
hardy_romain,Arkéa,-0.082564,-0.0792,-0.2842,0.1877,0,0.2676,0.4081,,,,,999,240
houcou_emmanuel,Arkéa,0.217097,0.2425,-0.5458,2.3733,0,-0.0671,0.0737,,,,,277,12
janssen_lucas,Arkéa,0.629749,0.8771,-0.0589,2.4761,0,-0.5056,0.2346,,,,,576,14
jarrier_benoît,Arkéa,-0.632908,-0.469,-0.6051,-0.2685,1,0.3826,0.3548,,,,,523,151
le_berre_mathis,Arkéa,0.351802,0.4216,0.0914,0.969,1,0.408,0.2884,,,,,1113,233
le_roux_romain,Arkéa,-0.07015,-0.0677,-0.4048,0.517,0,0.4145,0.3002,,,,,523,131
lecamus-lambert_florentin,Arkéa,-0.08025,-0.0771,-0.6042,0.6266,0,-0.082,0.2701,,,,,544,22
ledanois_kévin,Arkéa,0.23529,0.2653,0.0853,0.5829,1,0.3443,0.3947,,,,,1590,381
lelandais_rémi,Arkéa,-0.460569,-0.3691,-0.7063,0.4023,0,-0.0323,0.2403,,,,,576,19
louvel_matis,Arkéa,-0.026391,-0.026,-0.2508,0.1465,0,0.3891,0.3729,,,,,1196,275
lozouet_léandre,Arkéa,-0.023477,-0.0232,-0.4443,0.7735,0,0.4617,0.2113,,,,,576,75
lunke_sindre,Arkéa,-0.570015,-0.4345,-0.6757,0.1811,0,0.4037,0.3174,,,,,183,46
maison_jérémy,Arkéa,0.200739,0.2223,-0.163,0.8656,0,0.3596,0.3173,,,,,394,83
milesi_nicolas,Arkéa,-0.320647,-0.2743,-0.663,0.3123,0,0.5096,0.215,,,,,576,38
moinard_amaël,Arkéa,0.157015,0.17,-0.2322,0.8345,0,0.6464,0.2932,,,,,394,126
mozzato_luca,Arkéa,0.236009,0.2662,-0.1147,0.7655,0,0.4419,0.2235,,,,,912,202
owsian_łukasz,Arkéa,0.058814,0.0606,-0.1743,0.368,0,0.3972,0.35,,,,,1266,331
pajur_markus,Arkéa,0.862827,1.3699,0.2713,2.7332,1,0.1843,0.3251,,,,,476,65
pichon_laurent,Arkéa,0.001692,0.0017,-0.19,0.2656,0,0.3219,0.4036,,,,,1285,366
ponomar_andrii,Arkéa,0.206942,0.2299,-0.2801,1.4468,0,0.0967,0.1371,,,,,286,39
poulard_athit,Arkéa,0.482674,0.6204,-0.3989,2.078,0,0.3605,0.0617,,,,,277,28
riou_alan,Arkéa,0.068588,0.071,-0.044,0.3224,0,0.2733,0.3577,,,,,1401,368
rodríguez_cristián,Arkéa,-0.008771,-0.0087,-0.3406,0.4487,0,0.5902,0.2352,,,,,862,207
rouland_louis,Arkéa,0.117011,0.1241,-0.2184,0.6664,0,0.4779,0.2067,,,,,576,84
svestad-bårdseng_embret,Arkéa,0.049572,0.0508,-0.331,0.8035,0,0.4212,0.1914,,,,,586,82
thierry_pierre,Arkéa,0.201873,0.2237,-0.1797,0.7497,0,0.3748,0.289,,,,,833,90
tjøtta_martin,Arkéa,-0.205495,-0.1858,-0.4635,0.1939,0,0.5184,0.2294,,,,,862,89
vachon_florian,Arkéa,0.052008,0.0534,-0.3841,0.5256,0,0.5465,0.3281,,,,,523,150
vauquelin_kévin,Arkéa,0.082296,0.0858,-0.1343,0.4085,0,0.3834,0.3003,,,,,1515,233
verre_alessandro,Arkéa,-0.002955,-0.003,-0.2286,0.2624,0,0.3458,0.3028,,,,,1153,244
voisard_yannis,Arkéa,1.213775,2.3662,-0.2616,6.2802,0,0.3672,0.2089,,,,,245,15
zamperini_edoardo,Arkéa,0.599892,0.8219,-0.0182,2.9789,0,0.0822,0.1207,,,,,277,21
